ADM2_ES,ADM2_PCODE,admn2Nm,lat,lon,X7,X8,X9,X10,X11
Abejorral,CO05002,Abejorral,5.789444444444444,-75.42805555555556,,,,,
Ábrego,CO54003,Ábrego,8.00,-73.2,,,,,
Abriaquí,CO05004,Abriaquí,6.633333333333333,-76.06666666666666,,,,,
Acacías,CO50006,Acacías,3.9877777777777776,-73.75972222222222,,,,,
Acandí,CO27006,Acandí,8.533333333333333,-77.23333333333333,,,,,
Acevedo,CO41006,"Acevedo, Huila",1.81917,-75.8964,,,,,
Achí,CO13006,"Achí, Bolívar",8.566666666666666,-74.55,,,,,
Agrado,CO41013,Agua de Dios,4.378055555555555,-74.6738888888889,,,,,
Agua de Dios,CO25001,Agua de Dios,4.38,-74.673889,,,,,
Aguachica,CO20011,Aguachica,8.316666666666666,-73.63333333333334,,,,,
Aguada,CO68013,"Aguada, Santander",6.25,-73.46666666666667,,,,,
Aguadas,CO17013,"Aguadas, Caldas",5.616666666666667,-75.46666666666667,,,,,
Aguazul,CO85010,Aguazul,5.17306,-72.5547,,,,,
Agustín Codazzi,CO20013,"Agustín Codazzi, Cesar",10.036666666666667,-73.23694444444445,,,,,
Aipe,CO41016,Aipe,3.216666666666667,-75.23333333333333,,,,,
Albán,CO25019,Albán,1.474444,-77.083611,,,,,
Albán,CO52019,"Albán, Cundinamarca",4.878333333333334,-74.43833333333333,,,,,
Albania,CO18029,"Albania, Caquetá",1.33167,-75.8822,,,,,
Albania,CO44035,"Albania, La Guajira",11.1597,-72.5856,,,,,
Albania,CO68020,"Albania, Santander",5.76139,-73.9178,,,,,
Alcalá,CO76020,"Alcalá, Valle del Cauca",4.666666666666667,-75.75,,,,,
Aldana,CO52022,Aldana,0.8833333333333333,-77.7,,,,,
Alejandría,CO05021,Alejandría,6.376944444444444,-75.14111111111112,,,,,
Algarrobo,CO47030,"Algarrobo, Magdalena",10.1,-74.2667,,,,,
Algeciras,CO41020,"Algeciras, Huila",2.533333333333333,-75.31666666666666,,,,,
Almaguer,CO19022,"Almaguer, Cauca",1.9166666666666665,-76.86666666666666,,,,,
Almeida,CO15022,"Almeida, Boyacá",4.966666666666667,-73.38333333333334,,,,,
Alpujarra,CO73024,"Alpujarra, Tolima",3.4166666666666665,-74.91666666666667,,,,,
Altamira,CO41026,"Altamira, Huila",2.06278,-75.7872,,,,,
Alto Baudó,CO27025,Alto Baudó,5.533333333333333,-77,,,,,
Altos del Rosario,CO13030,Altos del Rosario,8.8,-74.16666666666667,,,,,
Alvarado,CO73026,"Alvarado, Tolima",4.566666666666666,-74.95,,,,,
Amagá,CO05030,Amagá,6.05,-75.7,,,,,
Amalfi,CO05031,"Amalfi, Antioquia",6.916666666666667,-75.08333333333333,,,,,
Ambalema,CO73030,Ambalema,4.783333333333333,-74.76666666666667,,,,,
Anapoima,CO25035,Anapoima,4.550277777777778,-74.53611111111111,,,,,
Ancuya,CO52036,Ancuya,1.2666666666666666,-77.53333333333333,,,,,
Andalucía,CO76036,"Andalucía, Valle del Cauca",4.166666666666667,-76.16666666666667,,,,,
Andes,CO05034,"Andes, Antioquia",5.583333333333333,-75.91666666666667,,,,,
Angelópolis,CO05036,Angelópolis,6.133333333333334,-75.7,,,,,
Angostura,CO05038,"Angostura, Antioquia",6.866666666666667,-75.33333333333333,,,,,
Anolaima,CO25040,Anolaima,4.761738888888889,-74.46401666666667,,,,,
Anorí,CO05040,Anorí,7.073611111111111,-75.14583333333334,,,,,
Anserma,CO17042,"Anserma, Caldas",5.238091666666667,-75.78404166666667,,,,,
Ansermanuevo,CO76041,Ansermanuevo,4.8,-76,,,,,
Anzá,CO05044,Anzá,6.30,-75.85,,,,,
Anzoátegui,CO73043,"Anzoátegui, Tolima",4.63389,-75.0972,,,,,
Apartadó,CO05045,Apartadó,7.883333333333333,-76.63333333333334,,,,,
Apía,CO66045,"Apía, Risaralda",5.1,-75.95,,,,,
Apulo,CO25599,Apulo,4.520833333333333,-74.59861111111111,,,,,
Aquitania,CO15047,"Aquitania, Boyacá",5.583333333333333,-72.83333333333333,,,,,
Aracataca,CO47053,Aracataca,10.593694444444445,-74.19280833333333,,,,,
Aranzazu,CO17050,"Aranzazu, Caldas",5.3,-75.45,,,,,
Aratoca,CO68051,Aratoca,6.7,-73.01666666666667,,,,,
Arauca,CO81001,"Arauca, Arauca",7.090277777777778,-70.76166666666667,,,,,
Arauquita,CO81065,Arauquita,7.03028,-71.4356,,,,,
Arbeláez,CO25053,Arbeláez,4.272222222222222,-74.41555555555556,,,,,
Arboleda,CO52051,Arboleda,1.50333,-77.0878,,,,,
Arboledas,CO54051,Arboledas,7.666666666666667,-72.75,,,,,
Arboletes,CO05051,Arboletes,8.851666666666667,-76.42833333333334,,,,,
Arcabuco,CO15051,Arcabuco,5.75,-73.43333333333334,,,,,
Arenal,CO13042,Arenal,8.47,-73.95,,,,,
Argelia,CO05055,"Argelia, Antioquia",5.7425,-75.1463888888889,,,,,
Argelia,CO19050,"Argelia, Cauca",2.243055555555556,-77.2786111111111,,,,,
Argelia,CO76054,"Argelia, Valle del Cauca",4.666666666666667,-76.66666666666667,,,,,
Ariguaní,CO47058,Ariguaní,9.85,-74.2386,,,,,
Arjona,CO13052,Arjona,10.26,-75.346111,,,,,
Armenia,CO05059,"Armenia, Antioquia",6.156388888888889,-75.78722222222223,,,,,
Armenia,CO63001,"Armenia, Quindio",4.53,-75.68,,,,,
Armero,CO73055,Armero,4.963333333333334,-74.90555555555557,,,,,
Arroyohondo,CO13062,Arroyohondo,10.13,-75.566667,,,,,
Astrea,CO20032,"Astrea, Cesar",9.5,-73.98333333333333,,,,,
Ataco,CO73067,Ataco,3.6,-75.38333333333334,,,,,
Atrato,CO27050,Atrato,10.066666666666666,-74.2,,,,,
Ayapel,CO23068,Ayapel,8.316666666666666,-75.15,,,,,
Bagadó,CO27073,Bagadó,5.416666666666667,-76.41666666666667,,,,,
Bahía Solano,CO27075,Bahía Solano,6.216666666666667,-77.4,,,,,
Bajo Baudó,CO27077,Bajo Baudó,4.95,-77.36666666666666,,,,,
Balboa,CO19075,"Balboa, Cauca",2.043611111111111,-77.21972222222223,,,,,
Balboa,CO66075,"Balboa, Risaralda",4.9166694444444445,-75.95,,,,,
Baranoa,CO08078,Baranoa,10.8,-74.91666666666667,,,,,
Baraya,CO41078,Baraya,3.1530555555555555,-75.0525,,,,,
Barbacoas,CO52079,"Barbacoas, Nariño",1.6716666666666664,-78.13972222222223,,,,,
Barbosa,CO05079,"Barbosa, Antioquia",6.439,-75.333,,,,,
Barbosa,CO68077,"Barbosa, Santander",5.933,-73.621,,,,,
Barichara,CO68079,Barichara,6.633333333333333,-73.23333333333333,,,,,
Barranca de Upía,CO50110,Barranca de Upía,4.583333333333333,-72.96666666666667,,,,,
Barrancabermeja,CO68081,Barrancabermeja,7.066666666666666,-73.85,,,,,
Barrancas,CO44078,"Barrancas, La Guajira",11,-72.75,,,,,
Barranco de Loba,CO13074,Barranco de Loba,8.95,-74.11666666666666,,,,,
Barrancominas,CO94343,Barranco Minas,3.483333,-69.8,,,,,
Barranquilla,CO08001,Barranquilla,10.963888888888889,-74.79638888888888,,,,,
Becerril,CO20045,Becerril,9.7,-73.28333333333333,,,,,
Belalcázar,CO17088,"Belalcázar, Caldas",5,-75.81666666666666,,,,,
Belén,CO15087,Belén de Andaquies,1.41611,-75.8725,,,,,
Belén,CO52083,Belén de Umbría,5.2,-75.86666666666666,,,,,
Belén de los Andaquíes,CO18094,"Belén, Boyacá",6.083333333333333,-72.91666666666667,,,,,
Belén de Umbría,CO66088,"Belén, Nariño",1.66417,-77.0175,,,,,
Bello,CO05088,"Bello, Antioquia",6.333333333333333,-75.56666666666666,,,,,
Belmira,CO05086,Belmira,6.6,-75.66666666666667,,,,,
Beltrán,CO25086,"Beltrán, Cundinamarca",4.801388888888889,-74.74305555555556,,,,,
Berbeo,CO15090,Berbeo,5.226666666666667,-73.12666666666667,,,,,
Betania,CO05091,"Betania, Antioquia",5.75,-75.96666666666667,,,,,
Betéitiva,CO15092,Betéitiva,5.916666666666667,-72.81666666666666,,,,,
Betulia,CO05093,"Betulia, Antioquia",6.112222,-75.983889,,,,,
Betulia,CO68092,"Betulia, Santander",6.9,-73.28361111111111,,,,,
Bituima,CO25095,Bituima,4.874444444444445,-74.54055555555556,,,,,
Boavita,CO15097,Boavita,6.333333333333333,-72.58333333333333,,,,,
Bochalema,CO54099,Bochalema,7.666666666666667,-72.58333333333333,,,,,
"Bogotá, D.C.",CO11001,"Bogotá, DC",4.71,-74.072222,,,,,
Bojacá,CO25099,Bojacá,4.733611111111111,-74.34222222222222,,,,,
Bojayá,CO27099,Bojayá,6.523611111111111,-76.97444444444444,,,,,
Bolívar,CO19100,"Bolívar, Cauca",1.97083,-76.9694,,,,,
Bolívar,CO68101,"Bolívar, Santander",5.9911111111111115,-73.77388888888889,,,,,
Bolívar,CO76100,"Bolívar, Valle del Cauca",4.338611111111111,-76.18472222222222,,,,,
Bosconia,CO20060,Bosconia,9.97611,-73.8903,,,,,
Boyacá,CO15104,"Boyacá, Boyacá",5.454166666666667,-73.36194444444443,,,,,
Briceño,CO05107,"Briceño, Antioquia",7.111111111111111,-75.55,,,,,
Briceño,CO15106,"Briceño, Boyacá",5.7,-73.9333,,,,,
Bucaramanga,CO68001,Bucaramanga,7.133333333333334,-73,,,,,
Bucarasica,CO54109,Bucarasica,8.05,-72.86666666666666,,,,,
Buenaventura,CO76109,"Buenaventura, Valle del Cauca",3.877222222222222,-77.02666666666667,,,,,
Buenavista,CO15109,"Buenavista, Boyacá",5.511388888888889,-73.94194444444445,,,,,
Buenavista,CO23079,"Buenavista, Córdoba",8.68333,-75.25,,,,,
Buenavista,CO63111,"Buenavista, Quindío",4.359722222222222,-75.73916666666666,,,,,
Buenavista,CO70110,"Buenavista, Sucre",9.32222,-74.9772,,,,,
Buenos Aires,CO19110,"Buenos Aires, Cauca",2.9166666666666665,-76.66666666666667,,,,,
Buesaco,CO52110,Buesaco,1.3833333333333333,-77.16666666666667,,,,,
Bugalagrande,CO76113,Bugalagrande,4.216666666666667,-76.16666666666667,,,,,
Buriticá,CO05113,Buriticá,6.75,-75.91666666666667,,,,,
Busbanzá,CO15114,Busbanzá,5.816666666666666,-72.86666666666666,,,,,
Cabrera,CO25120,"Cabrera, Cundinamarca",3.9780555555555557,-74.48583333333333,,,,,
Cabrera,CO68121,"Cabrera, Santander",6.593333333333333,-73.24777777777778,,,,,
Cabuyaro,CO50124,Cabuyaro,4.283333333333333,-72.78333333333333,,,,,
Cacahual,CO94886,Cacahual,7.58322,-75.46466,,,,,
Cáceres,CO05120,"Cáceres, Antioquia",7.666666666666667,-75.33333333333333,,,,,
Cachipay,CO25123,"Cachipay, Cundinamarca",4.730833333333334,-74.4375,,,,,
Cáchira,CO54128,Cáchira,7.75,-73.166667,,,,,
Cácota,CO54125,Cácota,7.266666666666667,-72.65,,,,,
Caicedo,CO05125,Caicedo,6.405,-75.98222222222222,,,,,
Caicedonia,CO76122,Caicedonia,4.333333333333333,-75.83333333333333,,,,,
Caimito,CO70124,"Caimito, Sucre",8.833333333333334,-75.16666666666667,,,,,
Cajamarca,CO73124,"Cajamarca, Tolima",4.416666666666667,-75.5,,,,,
Cajibío,CO19130,"Cajibio, Cauca",2.6333333333333333,-76.63333333333334,,,,,
Cajicá,CO25126,Cajicá,4.916666666666667,-74.03333333333333,,,,,
Calamar,CO13140,"Calamar, Bolívar",10.25,-74.915833,,,,,
Calamar,CO95015,"Calamar, Guaviare",1.9205555555555553,-72.55416666666666,,,,,
Calarcá,CO63130,Calarcá,4.533333333333333,-75.65,,,,,
Caldas,CO05129,"Caldas, Antioquia",6.09,-75.638,,,,,
Caldas,CO15131,"Caldas, Boyacá",5.5575,-73.8686,,,,,
Caldono,CO19137,"Caldono, Cauca",2.8,-76.53333333333333,,,,,
Cali,CO76001,Cali,3.4205555555555556,-76.52222222222223,,,,,
California,CO68132,"California, Santander",7.35,-72.96666666666667,,,,,
Calima,CO76126,"Calima, Valle del Cauca",3.9166666666666665,-76.66666666666667,,,,,
Caloto,CO19142,"Caloto, Cauca",3.033333333333333,-76.41666666666667,,,,,
Campamento,CO05134,"Campamento, Antioquia",6.978888888888889,-75.29638888888888,,,,,
Campo de la Cruz,CO08137,Campo de la Cruz,10.377777777777778,-74.88138888888888,,,,,
Campoalegre,CO41132,Campoalegre,2.686666666666667,-75.32555555555555,,,,,
Campohermoso,CO15135,Campohermoso,5.083333333333333,-73,,,,,
Canalete,CO23090,Canalete,8.79,-76.2411,,,,,
Cañasgordas,CO05138,Cañasgordas,6.749722222222222,-76.02583333333334,,,,,
Candelaria,CO08141,"Candelaria, Atlántico",10.459167,-74.880556,,,,,
Candelaria,CO76130,"Candelaria, Valle del Cauca",3.4,-76.38333333333334,,,,,
Cantagallo,CO13160,"Cantagallo, Bolívar",7.37611111111111,-73.91527777777779,,,,,
Caparrapí,CO25148,Caparrapí,5.344166666666666,-74.49166666666667,,,,,
Capitanejo,CO68147,"Capitanejo, Santander",6.533333333333333,-72.7,,,,,
Cáqueza,CO25151,Cáqueza,4.405277777777778,-73.94777777777779,,,,,
Caracolí,CO05142,Caracolí,6.41194,-74.7606,,,,,
Caramanta,CO05145,Caramanta,5.583333333333333,-75.58333333333333,,,,,
Carcasí,CO68152,Carcasí,6.633333333333333,-72.63333333333334,,,,,
Carepa,CO05147,Carepa,7.757777777777778,-76.65527777777778,,,,,
Carmen de Apicalá,CO73148,Carmen de Apicalá,4.15,-74.733333,,,,,
Carmen de Carupa,CO25154,Carmen de Carupa,5.3502777777777775,-73.90527777777778,,,,,
Carmen del Darién,CO27150,Carmen del Darién,7.16,-76.970833,,,,,
Carolina,CO05150,Carolina del Principé,6.73,-75.2842,,,,,
Cartagena de Indias,CO13001,Cartagena de India,10.40,-75.5,,,,,
Cartagena del Chairá,CO18150,Cartagena del Chairá,1.35,-74.83,,,,,
Cartago,CO76147,"Cartago, Valle del Cauca",4.7,-75.91,,,,,
Carurú,CO97161,Carurú,1.01,-71.3,,,,,
Casabianca,CO73152,"Casabianca, Tolima",5.083333333333333,-75.11666666666666,,,,,
Castilla la Nueva,CO50150,"Castilla la Nueva, Meta",3.8333333333333335,-73.68333333333334,,,,,
Caucasia,CO05154,"Caucasia, Antioquia",7.983333333333333,-75.2,,,,,
Cepitá,CO68160,Cepitá,6.75,-72.98333333333333,,,,,
Cereté,CO23162,Cereté,8.883333333333333,-75.8,,,,,
Cerinza,CO15162,Cerinza,6,-72.91666666666667,,,,,
Cerrito,CO68162,"Cerrito, Santander",6.845,-72.698,,,,,
Cerro de San Antonio,CO47161,Cerro San Antonio,10.333333333333334,-74.86666666666666,,,,,
Cértegui,CO27160,Cértegui,5.4,-76.6,,,,,
Chachagüí,CO52240,Chachagüí,1.3605,-77.2835,,,,,
Chaguaní,CO25168,Chaguaní,4.948611111111111,-74.5936111111111,,,,,
Chalán,CO70230,Chalán,9.55,-75.31666666666666,,,,,
Chámeza,CO85015,Chámeza,5.216666666666667,-72.88333333333334,,,,,
Chaparral,CO73168,"Chaparral, Tolima",3.75,-75.58333333333333,,,,,
Charalá,CO68167,Charalá,6.25,-73.08333333333333,,,,,
Charta,CO68169,Charta,7.283333333333333,-72.96666666666667,,,,,
Chía,CO25175,"Chía, Cundinamarca",4.85,-74.05,,,,,
Chigorodó,CO05172,Chibolo,10.026111111111112,-74.6211111111111,,,,,
Chima,CO68176,Chigorodó,7.6675,-76.68083333333334,,,,,
Chimá,CO23168,Chimá,9.15,-75.63333333333334,,,,,
Chimichagua,CO20175,Chimichagua,9.25,-73.81666666666666,,,,,
Chinácota,CO54172,Chinácota,7.616666666666667,-72.6,,,,,
Chinavita,CO15172,Chinavita,5.166666666666667,-73.36722222222221,,,,,
Chinchiná,CO17174,"Chinchiná, Caldas",4.9825,-75.6036111111111,,,,,
Chinú,CO23182,Chinú,9.083333333333334,-75.33333333333333,,,,,
Chipaque,CO25178,Chipaque,4.4425,-74.04138888888889,,,,,
Chipatá,CO68179,"Chipatá, Santander",6.05,-73.63333333333334,,,,,
Chiquinquirá,CO15176,Chiquinquirá,5.633333333333333,-73.75,,,,,
Chíquiza,CO15232,Chíquiza,5.6,-73.48333333333333,,,,,
Chiriguaná,CO20178,Chiriguaná,9.366666666666667,-73.6,,,,,
Chiscas,CO15180,Chiscas,6.53,-72.5,,,,,
Chita,CO15183,"Chita, Boyacá",6.166666666666667,-72.41666666666667,,,,,
Chitagá,CO54174,Chitagá,7.133333333333334,-72.66666666666667,,,,,
Chitaraque,CO15185,Chitaraque,6.083333333333333,-73.36666666666666,,,,,
Chivatá,CO15187,Chivatá,5.533333333333333,-73.26666666666667,,,,,
Chivolo,CO47170,Chibolo,10.03,-74.621111,,,,,
Chivor,CO15236,Chivor,4.883333333333333,-73.36,,,,,
Choachí,CO25181,Choachí,4.53,-73.92,,,,,
Chocontá,CO25183,Chocontá,5.146666666666667,-73.6825,,,,,
Cicuco,CO13188,Cicuco,9.266666666666667,-74.65,,,,,
Ciénaga,CO47189,"Ciénaga, Magdalena",11.006944444444445,-74.25,,,,,
Ciénaga de Oro,CO23189,Ciénaga de Oro,8.883333333333333,-75.61666666666666,,,,,
Ciénega,CO15189,"Ciénega, Boyacá",11.006944,-74.25,,,,,
Cimitarra,CO68190,Cimitarra,6.316666666666666,-73.95,,,,,
Circasia,CO63190,"Circasia, Quindío",4.616666666666667,-75.63333333333334,,,,,
Cisneros,CO05190,"Cisneros, Antioquia",6.538333333333333,-75.0886111111111,,,,,
Ciudad Bolívar,CO05101,"Ciudad Bolívar, Antioquia",5.85,-76.03333333333333,,,,,
Clemencia,CO13222,Clemencia,10.58,-75.333333,,,,,
Cocorná,CO05197,Cocorná,6.0569444444444445,-75.18527777777778,,,,,
Coello,CO73200,"Coello, Tolima",4.333333333333333,-74.91666666666667,,,,,
Cogua,CO25200,Cogua,5.066666666666666,-73.98333333333333,,,,,
Colombia,CO41206,Colombia,3.38,-74.8078,,,,,
Colón,CO52203,"Colón, Nariño",1.6441666666666666,-77.01944444444445,,,,,
Colón,CO86219,"Colón, Putumayo",1.1902777777777778,-76.9738888888889,,,,,
Colosó,CO70204,Colosó,9.5,-75.35,,,,,
Cómbita,CO15204,Cómbita,5.75,-73.25,,,,,
Concepción,CO05206,"Concepción, Antioquia",6.395,-75.25833333333334,,,,,
Concepción,CO68207,"Concepción, Santander",6.771111,-72.698056,,,,,
Concordia,CO05209,"Concordia, Antioquia",6.0489999999999995,-75.909,,,,,
Concordia,CO47205,"Concordia, Magdalena",10.2667,-74.8333,,,,,
Condoto,CO27205,Condoto,5.1,-76.65,,,,,
Confines,CO68209,Confines,6.416666666666667,-73.16666666666667,,,,,
Consacá,CO52207,Consaca,1.2,-77.46666666666667,,,,,
Contadero,CO52210,Contadero,0.91,-77.5506,,,,,
Contratación,CO68211,Contratación,6.283333333333333,-73.48333333333333,,,,,
Convención,CO54206,Convención,8.833333333333334,-73.2,,,,,
Copacabana,CO05212,Copacabana,6.33,-75.5,,,,,
Coper,CO15212,"Coper, Boyacá",5.483333333333333,-74.05,,,,,
Córdoba,CO13212,"Córdoba, Bolívar",9.586667,-74.827222,,,,,
Córdoba,CO52215,"Córdoba, Nariño",0.855,-77.5211,,,,,
Córdoba,CO63212,"Córdoba, Quindío",4.391111,-75.687778,,,,,
Corinto,CO19212,"Corinto, Cauca",3.1738888888888885,-76.25944444444444,,,,,
Coromoro,CO68217,Coromoro,6.3,-73.03333333333333,,,,,
Corozal,CO70215,"Corozal, Sucre",9.333333333333334,-75.25,,,,,
Corrales,CO15215,"Corrales, Boyacá",5.866666666666667,-72.83333333333333,,,,,
Cota,CO25214,"Cota, Cundinamarca",4.816666666666666,-74.1,,,,,
Cotorra,CO23300,Cotorra,9.05,-75.8,,,,,
Covarachía,CO15218,Covarachía,6.5,-72.75,,,,,
Coveñas,CO70221,Coveñas,9.41667,-75.7,,,,,
Coyaima,CO73217,Coyaima,3.8333333333333335,-75.08333333333333,,,,,
Cravo Norte,CO81220,Cravo Norte,6.3,-70.2,,,,,
Cuaspud Carlosama,CO52224,Cuaspud,0.865833,-77.7294,,,,,
Cubará,CO15223,Cubará,7.033333333333333,-72.06666666666666,,,,,
Cubarral,CO50223,Cubarral,3.791863888888889,-73.84128333333332,,,,,
Cucaita,CO15224,Cucaita,5.533333333333333,-73.45,,,,,
Cucunubá,CO25224,Cucunubá,5.25,-73.76333333333334,,,,,
Cucutilla,CO54223,Cucutilla,7.55,-72.78333333333333,,,,,
Cuítiva,CO15226,Cuítiva,5.583333,-72.966667,,,,,
Cumaral,CO50226,Cumaral,4.269444444444445,-73.4863888888889,,,,,
Cumaribo,CO99773,Cumaribo,4.433333333333334,-69.8,,,,,
Cumbal,CO52227,Cumbal,0.9077777777777778,-77.79083333333332,,,,,
Cumbitara,CO52233,Cumbitara,1.67694,-77.3253,,,,,
Cunday,CO73226,Cunday,4.083333333333333,-74.66666666666667,,,,,
Curillo,CO18205,Curillo,1.0333333333333334,-75.91666666666667,,,,,
Curití,CO68229,Curití,6.666666666666667,-73,,,,,
Curumaní,CO20228,Curumaní,9.2,-73.55,,,,,
Dabeiba,CO05234,Dabeiba,7,-76.25,,,,,
Dagua,CO76233,Dagua,3.6666666666666665,-76.7,,,,,
Dibulla,CO44090,"Dibulla, La Guajira",11.266666666666667,-73.3,,,,,
Distracción,CO44098,"Distracción, La Guajira",10.9,-72.88333333333334,,,,,
Dolores,CO73236,"Dolores, Tolima",3.6666666666666665,-74.75,,,,,
Donmatías,CO05237,Don Matías,6.483333333333333,-75.43333333333334,,,,,
Dosquebradas,CO66170,Dosquebradas,4.833333333333333,-75.68333333333334,,,,,
Duitama,CO15238,Duitama,5.833333333333333,-73.01666666666667,,,,,
Durania,CO54239,Durania,7.71722,-72.66,,,,,
Ebéjico,CO05240,Ebéjico,6.333333333333333,-75.76666666666667,,,,,
El Águila,CO76243,El Águila,4.92,-76.083333,,,,,
El Bagre,CO05250,El Bagre,7.594169444444444,-74.8119,,,,,
El Banco,CO47245,El Banco,9.00,-73.974722,,,,,
El Cairo,CO76246,El Cairo,4.75,-76.25,,,,,
El Calvario,CO50245,El Calvario,4.416666666666667,-73.66666666666667,,,,,
El Cantón del San Pablo,CO27135,El Cantón de San Pablo,5.333333333333333,-76.73333333333333,,,,,
El Carmen,CO54245,El Carmen de Norte de Santander,8.51,-73.4508,,,,,
El Carmen de Atrato,CO27245,El Carmen de Atrato,5.88778,-75.1642,,,,,
El Carmen de Bolívar,CO13244,El Carmen de Bolívar,9.716666666666667,-75.13333333333334,,,,,
El Carmen de Chucuri,CO68235,El Carmen de Chuchurí,6.70,-73.5111,,,,,
El Carmen de Viboral,CO05148,El Carmen de Viboral,6.083333333333333,-75.33333333333333,,,,,
El Castillo,CO50251,"El Castillo, Meta",3.56806,-73.7839,,,,,
El Cerrito,CO76248,"El Cerrito, Valle del Cauca",3.6666666666666665,-76.16666666666667,,,,,
El Charco,CO52250,El Charco,2.4775,-78.1111111111111,,,,,
El Cocuy,CO15244,El Cocuy,6.416666666666667,-72.41666666666667,,,,,
El Colegio,CO25245,El Colegio,4.5808333333333335,-74.44250000000001,,,,,
El Copey,CO20238,El Copey,10.15,-73.96666666666667,,,,,
El Doncello,CO18247,El Doncello,1.6833333333333333,-75.28333333333333,,,,,
El Dorado,CO50270,"El Dorado, Meta",3.74167,-73.8389,,,,,
El Dovio,CO76250,El Dovio,4.516666666666667,-76.23333333333333,,,,,
El Encanto,CO91263,El Encanto,-1.7788888888888887,-73.21055555555556,,,,,
El Espino,CO15248,"El Espino, Boyacá",6.583333333333333,-72.41666666666667,,,,,
El Guacamayo,CO68245,El Guacamayo,6.333333333333333,-73.46666666666667,,,,,
El Guamo,CO13248,El Guamo,10.083333333333334,-74.91666666666667,,,,,
El Litoral del San Juan,CO27250,"El Molino, La Guajira",10.6533,-72.9242,,,,,
El Molino,CO44110,"El Paso, Cesar",9.66222,-73.7519,,,,,
El Paso,CO20250,El Paujil,1.56444,-75.3319,,,,,
El Paujíl,CO18256,"El Peñol, Antioquia",6.2186111111111115,-75.24333333333334,,,,,
El Peñol,CO52254,"El Peñol, Nariño",1.453611,-77.439722,,,,,
El Peñón,CO13268,"El Peñón, Bolívar",8.988333333333333,-73.94944444444445,,,,,
El Peñón,CO25258,"El Peñón, Cundinamarca",5.251666666666667,-74.28611111111111,,,,,
El Peñón,CO68250,"El Peñón, Santander",5.89222,-73.7403,,,,,
El Piñón,CO47258,El Piñón,10.333333333333334,-74.66666666666667,,,,,
El Playón,CO68255,"El Playón, Santander",7.47667,-73.2081,,,,,
El Retén,CO47268,El Retén,10.6167,-74.2667,,,,,
El Retorno,CO95025,El Retorno,2.33056,-72.6278,,,,,
El Roble,CO70233,"El Roble, Sucre",9.1,-75.2,,,,,
El Rosal,CO25260,"El Rosal, Cundinamarca",4.851944444444444,-74.26277777777777,,,,,
El Rosario,CO52256,"El Rosario, Nariño",1.7430555555555556,-77.33472222222221,,,,,
El Santuario,CO05697,El Santuario,6.1375,-75.263889,,,,,
El Tablón de Gómez,CO52258,El Tablón,1.4269444444444446,-77.09694444444445,,,,,
El Tambo,CO19256,"El Tambo, Cauca",2.45417,-76.8178,,,,,
El Tambo,CO52260,"El Tambo, Nariño",1.41306,-77.3981,,,,,
El Tarra,CO54250,El Tarra,8.0475,-73.0836,,,,,
El Zulia,CO54261,El Zulia,7.933333333333334,-72.6,,,,,
Elías,CO41244,Elías,2.02,-75.933333,,,,,
Encino,CO68264,"Encino, Santander",6.137777777777778,-73.09888888888888,,,,,
Enciso,CO68266,"Enciso, Santander",6.75,-72.63333333333334,,,,,
Entrerríos,CO05264,Entrerríos,6.566666666666666,-75.51666666666667,,,,,
Envigado,CO05266,Envigado,6.166666666666667,-75.56666666666666,,,,,
Espinal,CO73268,"El Espinal, Tolima",4.2,-74.83333333333333,,,,,
Facatativá,CO25269,Facatativá,4.816666666666666,-74.36666666666666,,,,,
Falan,CO73270,Falan,5.13,-74.95,,,,,
Filadelfia,CO17272,"Filadelfia, Caldas",5.3,-75.6,,,,,
Filandia,CO63272,"Filandia, Quindío",4.666666666666667,-75.63333333333334,,,,,
Firavitoba,CO15272,Firavitoba,5.65,-73,,,,,
Flandes,CO73275,Flandes,4.283333333333333,-74.8,,,,,
Florencia,CO18001,"Florencia, Caquetá",1.613888888888889,-75.61277777777777,,,,,
Florencia,CO19290,"Florencia, Cauca",1.682222222222222,-77.07222222222222,,,,,
Floresta,CO15276,"Floresta, Boyacá",5.916666666666667,-72.91666666666667,,,,,
Florián,CO68271,Florián,5.80472,-73.9742,,,,,
Florida,CO76275,"Florida, Valle del Cauca",3.3274999999999997,-76.23861111111111,,,,,
Floridablanca,CO68276,"Floridablanca, Santander",7.216666666666667,-73.06666666666666,,,,,
Fómeque,CO25279,Fómeque,4.4847222222222225,-73.89361111111111,,,,,
Fonseca,CO44279,"Fonseca, La Guajira",10.833333333333334,-72.83333333333333,,,,,
Fortul,CO81300,Fortul,6.79222,-71.7756,,,,,
Fosca,CO25281,"Fosca, Cundinamarca",4.333333333333333,-73.93333333333334,,,,,
Francisco Pizarro,CO52520,"Francisco Pizarro, Nariño",2.1,-78.71666666666667,,,,,
Fredonia,CO05282,"Fredonia, Antioquia",5.916666666666667,-75.66666666666667,,,,,
Fresno,CO73283,"Fresno, Tolima",5.155555555555556,-75.04027777777777,,,,,
Frontino,CO05284,"Frontino, Antioquia",6.783333333333333,-76.13333333333334,,,,,
Fuente de Oro,CO50287,Fuente de Oro,3.466666666666667,-73.61666666666666,,,,,
Fundación,CO47288,Fundación,10.5214,-74.1867,,,,,
Funes,CO52287,"Funes, Nariño",1,-77.45,,,,,
Funza,CO25286,Funza,4.716666666666667,-74.21666666666667,,,,,
Fúquene,CO25288,Fúquene,5.405,-73.79583333333333,,,,,
Fusagasugá,CO25290,Fusagasugá,4.345152777777778,-74.36182222222222,,,,,
Gachalá,CO25293,Gachalá,4.6930555555555555,-73.52,,,,,
Gachancipá,CO25295,Gachancipá,4.990833333333334,-73.87305555555555,,,,,
Gachantivá,CO15293,Gachantivá,5.75,-73.5,,,,,
Gachetá,CO25297,Gachetá,4.817555555555555,-73.63602777777778,,,,,
Galán,CO68296,"Galán, Santander",6.7,-73.3,,,,,
Galapa,CO08296,Galapa,10.92,-74.833333,,,,,
Galeras,CO70235,"Galeras, Sucre",9.166666666666666,-75.05,,,,,
Gama,CO25299,"Gama, Cundinamarca",4.762777777777778,-73.61083333333333,,,,,
Gamarra,CO20295,"Gamarra, Cesar",8.333333333333334,-73.66666666666667,,,,,
Gámbita,CO68298,Gámbita,6,-73.25,,,,,
Gámeza,CO15296,Gámeza,5.8,-72.8,,,,,
Garagoa,CO15299,Garagoa,5.08,-73.366667,,,,,
Garzón,CO41298,"Garzón, Huila",2.1819444444444445,-75.65777777777778,,,,,
Génova,CO63302,"Génova, Quindío",4.25,-75.66666666666667,,,,,
Gigante,CO41306,"Gigante, Huila",2.38667,-75.5461,,,,,
Ginebra,CO76306,"Ginebra, Valle del Cauca",3.75,-76.16666666666667,,,,,
Giraldo,CO05306,"Giraldo, Antioquia",6.680277777777778,-75.95305555555557,,,,,
Girardot,CO25307,"Girardot, Cundinamarca",4.305,-74.80166666666666,,,,,
Girardota,CO05308,Girardota,6.376391666666667,-75.44728611111111,,,,,
Girón,CO68307,Girón,7.07,-73.173056,,,,,
Gómez Plata,CO05310,Gómez Plata,6.683333333333334,-75.21666666666667,,,,,
González,CO20310,"González, Cesar",8.4,-73.33333333333333,,,,,
Gramalote,CO54313,Gramalote,7.9275,-72.7538888888889,,,,,
Granada,CO05313,"Granada, Antioquia",6.147,-75.188,,,,,
Granada,CO25312,"Granada, Cundinamarca",4.518611111111111,-74.35138888888888,,,,,
Granada,CO50313,"Granada, Meta",3.33333,-73.8333,,,,,
Guaca,CO68318,"Guaca, Santander",6.883333,-72.866667,,,,,
Guacamayas,CO15317,"Guacamayas, Boyacá",6.5,-72.5,,,,,
Guacarí,CO76318,Guacarí,3.7666666666666666,-76.33333333333333,,,,,
Guachené,CO19300,Guachené,3.1333333333333333,-76.38333333333334,,,,,
Guachetá,CO25317,Guachetá,5.385555555555555,-73.68555555555555,,,,,
Guachucal,CO52317,Guachucal,0.9666666666666667,-77.73333333333333,,,,,
Guadalajara de Buga,CO76111,Buga,3.90,-76.3,,,,,
Guadalupe,CO05315,"Guadalupe, Antioquia",6.8175,-75.24416666666667,,,,,
Guadalupe,CO41319,"Guadalupe, Huila",2.025,-75.7572,,,,,
Guadalupe,CO68320,"Guadalupe, Santander",6.247,-73.418,,,,,
Guaduas,CO25320,Guaduas,5.069444444444445,-74.59805555555555,,,,,
Guaitarilla,CO52320,Guaitarilla,1.13333,-77.5564,,,,,
Gualmatán,CO52323,Gualmatán,0.919167,-77.5661,,,,,
Guamal,CO47318,Guamal,9.14722,-74.23,,,,,
Guamal,CO50318,"Guamal, Meta",3.88,-73.7656,,,,,
Guamo,CO73319,Guamo,4.083333333333333,-74.91666666666667,,,,,
Guapi,CO19318,"Guapi, Cauca",2.5666666666666664,-77.88333333333334,,,,,
Guapotá,CO68322,Guapotá,6.383333333333333,-73.25,,,,,
Guaranda,CO70265,"Guaranda, Sucre",8.466666666666667,-75.53333333333333,,,,,
Guarne,CO05318,Guarne,6.280011111111111,-75.44273333333334,,,,,
Guasca,CO25322,Guasca,4.865833333333333,-73.87722222222222,,,,,
Guatapé,CO05321,Guatapé,6.233333333333333,-75.16666666666667,,,,,
Guataquí,CO25324,Guataquí,4.516944444444444,-74.79055555555556,,,,,
Guatavita,CO25326,Guatavita,4.934444444444445,-73.83444444444444,,,,,
Guateque,CO15322,Guateque,5.0055555555555555,-73.47222222222223,,,,,
Guática,CO66318,Guática,5.316666666666666,-75.8,,,,,
Guavatá,CO68324,Guavatá,5.95,-73.7,,,,,
Guayabal de Síquima,CO25328,Guayabal de Síquima,4.866666666666667,-74.46666666666667,,,,,
Guayabetal,CO25335,Guayabetal,4.215277777777778,-73.81444444444445,,,,,
Guayatá,CO15325,Guayatá,4.966666666666667,-73.48333333333333,,,,,
Güepsa,CO68327,Güepsa,6.016666666666667,-73.56666666666666,,,,,
Güicán de la Sierra,CO15332,Güicán,6.466666666666667,-72.41666666666667,,,,,
Gutiérrez,CO25339,"Gutiérrez, Cundinamarca",4.25,-74,,,,,
Hacarí,CO54344,Hacarí,8.32,-73.15,,,,,
Hatillo de Loba,CO13300,Hatillo de Loba,8.95861,-74.0808,,,,,
Hato,CO68344,"Hato, Santander",6.583333333333333,-73.33333333333333,,,,,
Hato Corozal,CO85125,Hato Corozal,3.183333333333333,-73.75,,,,,
Hatonuevo,CO44378,Hatonuevo,11.0694,-72.7669,,,,,
Heliconia,CO05347,"Heliconia, Antioquia",6.216666666666667,-75.73333333333333,,,,,
Herrán,CO54347,Herrán,7.516666666666667,-72.48333333333333,,,,,
Herveo,CO73347,Herveo,5.083333333333333,-75.16666666666667,,,,,
Hispania,CO05353,"Hispania, Antioquia",5.803,-75.912,,,,,
Hobo,CO41349,"Hobo, Huila",2.5833333333333335,-75.45,,,,,
Honda,CO73349,"Honda, Tolima",5.204166666666667,-74.74166666666667,,,,,
Ibagué,CO73001,Ibagué,4.433333333333334,-75.23333333333333,,,,,
Icononzo,CO73352,Icononzo,4.183333333333334,-74.53333333333333,,,,,
Iles,CO52352,"Iles, Nariño",0.9666666666666667,-77.51666666666667,,,,,
Imués,CO52354,Imués,1.0666666666666667,-77.5,,,,,
Inírida,CO94001,"Inírida, Guainía",3.865277777777778,-67.9238888888889,,,,,
Inzá,CO19355,Inzá,2.55,-76.066667,,,,,
Ipiales,CO52356,Ipiales,0.8302777777777778,-77.64444444444445,,,,,
Íquira,CO41357,Iquira,2.65,-75.65,,,,,
Isnos,CO41359,Isnos,1.9333333333333333,-76.23333333333333,,,,,
Istmina,CO27361,Istmina,5.166666666666667,-76.68333333333334,,,,,
Itagüí,CO05360,Itagüí,6.166666666666667,-75.61666666666666,,,,,
Ituango,CO05361,Ituango,7.166666666666667,-75.75,,,,,
Iza,CO15362,"Iza, Boyacá",5.6,-72.98333333333333,,,,,
Jambaló,CO19364,Jambaló,2.85,-76.316667,,,,,
Jamundí,CO76364,Jamundí,3.2666666666666666,-76.55,,,,,
Jardín,CO05364,Jardín,5.5986111111111105,-75.81944444444444,,,,,
Jenesano,CO15367,Jenesano,5.383333333333333,-73.36666666666666,,,,,
Jericó,CO05368,"Jericó, Antioquia",5.783333333333333,-75.78333333333333,,,,,
Jericó,CO15368,"Jericó, Boyacá",6.14917,-72.555,,,,,
Jerusalén,CO25368,"Jerusalén, Cundinamarca",4.563055555555556,-74.69527777777778,,,,,
Jesús María,CO68368,"Jesus María, Santander",5.883333333333333,-73.78333333333333,,,,,
Jordán,CO68370,"Jordán, Santander",6.75,-73.06666666666666,,,,,
Juan de Acosta,CO08372,Juan de Acosta,10.833333333333334,-75.03333333333333,,,,,
Junín,CO25372,"Junín, Cundinamarca",4.790277777777778,-73.81361111111111,,,,,
Juradó,CO27372,Juradó,7.11139,-77.7714,,,,,
La Apartada,CO23350,La Apartada,8.10056,-75.3825,,,,,
La Argentina,CO41378,"La Argentina, Huila",2.19611,-75.98,,,,,
La Belleza,CO68377,"La Calera, Cundinamarca",4.753055555555555,-73.92,,,,,
La Calera,CO25377,La Candelaria,4.591722,-74.07413,,,,,
La Capilla,CO15380,La Capilla,5.095555555555555,-73.44361111111111,,,,,
La Ceja,CO05376,"La Ceja, Antioquia",6.030555555555556,-75.43166666666667,,,,,
La Celia,CO66383,La Celia,5.001944444444445,-76.0038888888889,,,,,
La Chorrera,CO91405,La Chorerra,-1.45,-72.794444,,,,,
La Cruz,CO52378,"La Cruz, Nariño",1.60472,-76.9742,,,,,
La Cumbre,CO76377,"La Cumbre, Valle del Cauca",3.649631,-76.568356,,,,,
La Dorada,CO17380,"La Dorada, Caldas",5.453838888888889,-74.664675,,,,,
La Esperanza,CO54385,"La Esperanza, Norte de Santander",7.63917,-73.3358,,,,,
La Estrella,CO05380,"La Estrella, Antioquia",6.166666666666667,-75.66666666666667,,,,,
La Florida,CO52381,"La Florida, Nariño",1.30167,-77.4106,,,,,
La Gloria,CO20383,"La Gloria, Cesar",8.583333333333334,-73.58333333333333,,,,,
La Guadalupe,CO94885,La Guadalupe,1.2469444444444444,-66.86444444444444,,,,,
La Jagua de Ibirico,CO20400,"La Jagua de Ibirico, Cesar",9.566666666666666,-73.33333333333333,,,,,
La Jagua del Pilar,CO44420,La Jagua del Pilar,10.516666666666666,-73.08333333333333,,,,,
La Llanada,CO52385,La Llanada,1.47778,-77.5839,,,,,
La Macarena,CO50350,"La Macarena, Meta",2.1827777777777775,-73.78472222222221,,,,,
La Merced,CO17388,"La Merced, Caldas",5.399444444444444,-75.54416666666667,,,,,
La Mesa,CO25386,"La Mesa, Cundinamarca",4.630277777777779,-74.4625,,,,,
La Montañita,CO18410,La Montañita,1.5833333333333335,-75.25,,,,,
La Palma,CO25394,"La Palma, Cundinamarca",5.360555555555555,-74.38972222222223,,,,,
La Paz,CO20621,"La Paz, Cesar",10.383333,-73.166667,,,,,
La Paz,CO68397,"La Paz, Santander",6.178056,-73.589444,,,,,
La Pedrera,CO91407,"La Pedrera, Amazonas",-1.3166666666666667,-69.56666666666666,,,,,
La Peña,CO25398,"La Peña, Cundinamarca",5.199166666666667,-74.39361111111111,,,,,
La Pintada,CO05390,"La Pintada, Antioquia",5.75,-75.6,,,,,
La Plata,CO41396,"La Plata, Huila",2.39,-75.9075,,,,,
La Playa,CO54398,La Playa de Belén,8.25,-73.16666666666667,,,,,
La Primavera,CO99524,"La Primavera, Vichada",5.49056,-70.4092,,,,,
La Salina,CO85136,La Salina,6.13056,-72.3378,,,,,
La Sierra,CO19392,"La Sierra, Cauca",2.25,-76.83333333333333,,,,,
La Tebaida,CO63401,"La Tebaida, Quindío",4.45,-75.8,,,,,
La Tola,CO52390,La Tola,2.4166666666666665,-78.25,,,,,
La Unión,CO05400,"La Unión, Antioquia",5.973611111111111,-75.36138888888888,,,,,
La Unión,CO52399,"La Unión, Nariño",1.6019,-77.1317,,,,,
La Unión,CO70400,"La Unión, Sucre",8.86056,-75.2806,,,,,
La Unión,CO76400,"La Unión, Valle del Cauca",3.653888888888889,-76.57222222222222,,,,,
La Uvita,CO15403,La Uvita,6.333333333333333,-72.5,,,,,
La Vega,CO19397,"La Vega, Cauca",2.0008333333333335,-76.77777777777777,,,,,
La Vega,CO25402,"La Vega, Cundinamarca",4.9991666666666665,-74.3411111111111,,,,,
La Victoria,CO15401,"La Victoria, Amazonas",0.051389,-71.222778,,,,,
La Victoria,CO76403,"La Victoria, Boyacá",5.52278,-74.2328,,,,,
La Victoria,CO91430,"La Victoria, Valle del Cauca",4.521388888888889,-76.0363888888889,,,,,
La Virginia,CO66400,La Virginia,4.916666666666667,-75.83333333333333,,,,,
Labateca,CO54377,Labateca,7.333333333333333,-72.5,,,,,
Labranzagrande,CO15377,Labranzagrande,5.566666666666666,-72.56666666666666,,,,,
Landázuri,CO68385,Landázuri,6.218055555555556,-73.81138888888889,,,,,
Lebrija,CO68406,"Lebrija, Santander",7.416666666666667,-73.41666666666667,,,,,
Leiva,CO52405,"Leiva, Nariño",1.9375,-77.3081,,,,,
Lejanías,CO50400,Lejanías,3.5268055555555553,-74.02322222222222,,,,,
Lenguazaque,CO25407,Lenguazaque,5.3069444444444445,-73.70611111111111,,,,,
Lérida,CO73408,"Lérida, Tolima",4.9,-74.91666666666667,,,,,
Leticia,CO91001,"Líbano, Tolima",4.916666666666667,-75.16666666666667,,,,,
Líbano,CO73411,Liborina,6.683333333333334,-75.81666666666666,,,,,
Liborina,CO05411,"Linares, Nariño",1.35,-77.53333333333333,,,,,
Linares,CO52411,Litoral del San Juan,4.25861,-77.3675,,,,,
Lloró,CO27413,Lloró,5.5,-76.53333333333333,,,,,
López de Micay,CO19418,López de Micay,3,-77.25,,,,,
Lorica,CO23417,Lorica,9.23,-75.8197,,,,,
Los Andes,CO52418,"Los Andes, Nariño",1.4933333333333334,-77.5213888888889,,,,,
Los Córdobas,CO23419,Los Córdobas,8.9,-76.36666666666666,,,,,
Los Palmitos,CO70418,Los Palmitos,9.38111,-75.2714,,,,,
Los Patios,CO54405,Los Patios,7.833333333333333,-72.51666666666667,,,,,
Los Santos,CO68418,"Los Santos, Santander",10.383333333333333,-73.16666666666667,,,,,
Lourdes,CO54418,"Lourdes, Norte de Santander",7.966666666666667,-72.83333333333333,,,,,
Luruaco,CO08421,Luruaco,10.6083,-75.1417,,,,,
Macanal,CO15425,Macanal,4.9719444444444445,-73.31944444444444,,,,,
Macaravita,CO68425,Macaravita,6.5,-72.6,,,,,
Maceo,CO05425,"Maceo, Antioquia",6.55,-74.78333333333333,,,,,
Machetá,CO25426,Machetá,5.080216666666667,-73.607475,,,,,
Madrid,CO25430,"Madrid, Cundinamarca",4.734444444444445,-74.26833333333333,,,,,
Magangué,CO13430,Magangué,9.25,-74.76666666666667,,,,,
Magüí,CO52427,Magüí Payán,1.9333333333333333,-78.2,,,,,
Mahates,CO13433,Mahates,10.233333333333333,-75.18333333333334,,,,,
Maicao,CO44430,Maicao,11.377777777777778,-72.2388888888889,,,,,
Majagual,CO70429,"Majagual, Sucre",8.5,-74.66666666666667,,,,,
Málaga,CO68432,"Málaga, Santander",6.783333333333333,-72.66666666666667,,,,,
Malambo,CO08433,"Malambo, Atlántico",10.85,-74.75,,,,,
Mallama,CO52435,Mallama,1.1411111111111112,-77.86444444444444,,,,,
Manatí,CO08436,"Manatí, Atlántico",10.445,-74.95972222222223,,,,,
Manaure,CO44560,"Manaure, Cesar",11.783333333333333,-72.45,,,,,
Manaure Balcón del Cesar,CO20443,"Manaure, La Guajira",11.7792,-72.4494,,,,,
Maní,CO85139,"Maní, Casanare",4.816666666666666,-72.28333333333333,,,,,
Manizales,CO17001,Manizales,5.1,-75.55,,,,,
Manta,CO25436,"Manta, Cundinamarca",5.08,-73.58333333333333,,,,,
Manzanares,CO17433,"Manzanares, Caldas",5.251944444444445,-75.15,,,,,
Mapiripán,CO50325,Mapiripán,2.88,-72.13,,,,,
Mapiripana,CO94663,Maripana,2.81,-70.476111,,,,,
Margarita,CO13440,"Margarita, Bolívar",9.083333333333334,-74.2,,,,,
María La Baja,CO13442,María La Baja,10,-75.33333333333333,,,,,
Marinilla,CO05440,Marinilla,6.173802777777778,-75.33472222222221,,,,,
Maripí,CO15442,Maripí,5.55,-74.01666666666667,,,,,
Marmato,CO17442,"Marmato, Caldas",5.5,-75.58333333333333,,,,,
Marquetalia,CO17444,"Marquetalia, Caldas",5.333333333333333,-75,,,,,
Marsella,CO66440,Marsella,4.916666666666667,-75.75,,,,,
Marulanda,CO17446,"Marulanda, Caldas",5.283333333333333,-75.26666666666667,,,,,
Matanza,CO68444,"Matanza, Santander",7.416666666666667,-73.08333333333333,,,,,
Medellín,CO05001,Medellín,6.230833333333334,-75.59055555555555,,,,,
Medina,CO25438,"Medina, Cundinamarca",4.509166666666666,-73.34944444444444,,,,,
Medio Atrato,CO27425,Medio Atrato,5.995,-76.7825,,,,,
Medio Baudó,CO27430,Medio Baudó,5.05,-77.05,,,,,
Medio San Juan,CO27450,Medio San Juan,5.1,-76.6833,,,,,
Melgar,CO73449,"Melgar, Tolima",4.203888888888889,-74.64277777777778,,,,,
Mercaderes,CO19450,"Mercaderes, Cauca",1.8,-77.16666666666667,,,,,
Mesetas,CO50330,Mesetas,3.37806,-74.0447,,,,,
Milán,CO18460,"Milán, Caquetá",1.2891666666666666,-75.50638888888889,,,,,
Miraflores,CO15455,"Miraflores, Boyacá",5.196388888888889,-73.14444444444445,,,,,
Miraflores,CO95200,"Miraflores, Guaviare",1.33667,-71.9511,,,,,
Miranda,CO19455,"Miranda, Cauca",3.25,-76.25,,,,,
Mirití - Paraná,CO91460,Mirití-Paraná,-0.8833333333333333,-70.98361111111112,,,,,
Mistrató,CO66456,Mistrató,5.3,-75.88333333333334,,,,,
Mitú,CO97001,Mitú,1.1983333333333333,-70.17333333333333,,,,,
Mocoa,CO86001,Mocoa,1.15,-76.64750000000001,,,,,
Mogotes,CO68464,Mogotes,6.483333333333333,-72.96666666666667,,,,,
Molagavita,CO68468,Molagavita,6.683333333333334,-72.81666666666666,,,,,
Momil,CO23464,Momil,9.233333333333333,-75.68333333333334,,,,,
Mompós,CO13468,Santa Cruz de Mompox,9.23,-74.416667,,,,,
Mongua,CO15464,Mongua,5.75,-72.8,,,,,
Monguí,CO15466,Monguí,5.75,-72.83333333333333,,,,,
Moniquirá,CO15469,Moniquirá,5.916666666666667,-73.5,,,,,
Moñitos,CO23500,Moñitos,9.25028,-76.1325,,,,,
Montebello,CO05467,"Montebello, Antioquia",5.916666666666667,-75.5,,,,,
Montecristo,CO13458,"Montecristo, Bolívar",8.29944,-74.4756,,,,,
Montelíbano,CO23466,Montelíbano,7.9750000000000005,-75.42083333333333,,,,,
Montenegro,CO63470,"Montenegro, Quindío",4.56714,-75.75038,,,,,
Montería,CO23001,Montería,8.75,-75.88333333333334,,,,,
Monterrey,CO85162,"Monterrey, Casanare",4.87833,-72.8972,,,,,
Morales,CO13473,"Morales, Bolívar",8.31333,-73.8719,,,,,
Morales,CO19473,"Morales, Cauca",2.76028,-76.6339,,,,,
Morelia,CO18479,"Morelia, Caquetá",1.4875,-75.725,,,,,
Morichal,CO94888,Morichal Nuevo,2.21667,-70,,,,,
Morroa,CO70473,Morroa,9.33,-75.31,,,,,
Mosquera,CO25473,"Mosquera, Cundinamarca",4.707777777777778,-74.23277777777778,,,,,
Mosquera,CO52473,"Mosquera, Nariño",2.49028,-78.4953,,,,,
Motavita,CO15476,Motavita,5.577222222222222,-73.36722222222221,,,,,
Murillo,CO73461,"Murillo, Tolima",4.874,-75.171,,,,,
Murindó,CO05475,Murindó,6.8,-76.8,,,,,
Mutatá,CO05480,Mutatá,7.244166666666667,-76.43583333333333,,,,,
Mutiscua,CO54480,Mutiscua,7.333333333333333,-72.71666666666667,,,,,
Muzo,CO15480,Muzo,5.531333333333333,-74.10727777777777,,,,,
Nariño,CO05483,"Nariño, Antioquia",5.609166666666666,-75.1763888888889,,,,,
Nariño,CO25483,"Nariño, Cundinamarca",4.398055555555555,-74.82805555555555,,,,,
Nariño,CO52480,"Nariño, Nariño",1.26667,-77.3667,,,,,
Nátaga,CO41483,Nátaga,2.55,-75.833333,,,,,
Natagaima,CO73483,Natagaima,3.5833333333333335,-75.08333333333333,,,,,
Nechí,CO05495,Nechí,8.1,-74.78333333333333,,,,,
Necoclí,CO05490,Necoclí,8.416666666666666,-76.78333333333333,,,,,
Neira,CO17486,"Neira, Caldas",5.166388888888889,-75.51888888888888,,,,,
Neiva,CO41001,"Neiva, Huila",2.9344833333333336,-75.2809,,,,,
Nemocón,CO25486,Nemocón,5.05,-73.88333333333334,,,,,
Nilo,CO25488,"Nilo, Cundinamarca",4.3069444444444445,-74.61999999999999,,,,,
Nimaima,CO25489,Nimaima,5.12611111111111,-74.38583333333334,,,,,
Nobsa,CO15491,Nobsa,5.766666666666667,-72.95,,,,,
Nocaima,CO25491,Nocaima,5.070277777777777,-74.37805555555555,,,,,
Norcasia,CO17495,"Norcasia, Caldas",5.56667,-74.8833,,,,,
Norosí,CO13490,Norosí,8.52611111111111,-74.03777777777778,,,,,
Nóvita,CO27491,Nóvita,4.95,-76.61666666666666,,,,,
Nueva Granada,CO47460,"Nueva Granada, Magdalena",9.80306,-74.3903,,,,,
Nuevo Colón,CO15494,Nuevo Colón,5.35,-73.466667,,,,,
Nunchía,CO85225,Nunchía,5.633333333333333,-72.2,,,,,
Nuquí,CO27495,Nuquí,5.716666666666667,-77.26666666666667,,,,,
Obando,CO76497,"Obando, Valle del Cauca",4.583333333333333,-75.91666666666667,,,,,
Ocamonte,CO68498,Ocamonte,6.333333333333333,-73.11666666666666,,,,,
Ocaña,CO54498,"Ocaña, Norte de Santander",8.233333333333333,-73.35,,,,,
Oiba,CO68500,Oiba,6.266666666666667,-73.3,,,,,
Oicatá,CO15500,Oicatá,5.583333333333333,-73.31666666666666,,,,,
Olaya,CO05501,"Olaya, Antioquia",6.63,-75.817,,,,,
Olaya Herrera,CO52490,Olaya Herrera,2.346944,-78.325556,,,,,
Onzaga,CO68502,Onzaga,6.35,-72.81666666666666,,,,,
Oporapa,CO41503,Oporapa,2.05,-75.96666666666667,,,,,
Orito,CO86320,Orito,0.6661111111111111,-76.87083333333332,,,,,
Orocué,CO85230,Orocué,4.79417,-71.34,,,,,
Ortega,CO73504,"Ortega, Tolima",3.9166666666666665,-75.25,,,,,
Ospina,CO52506,Ospina,1.0580555555555555,-77.56638888888888,,,,,
Otanche,CO15507,Otanche,5.75,-74.25,,,,,
Ovejas,CO70508,Ovejas,9.5,-75.16666666666667,,,,,
Pachavita,CO15511,Pachavita,5.133333333333334,-73.4,,,,,
Pacho,CO25513,Pacho,5.1305555555555555,-74.15833333333335,,,,,
Pacoa,CO97511,Pacoa,0.021388888888888888,-71.00555555555556,,,,,
Pácora,CO17513,"Pácora, Caldas",5.525833333333333,-75.4588888888889,,,,,
Padilla,CO19513,"Padilla, Cauca",3.2333333333333334,-76.31666666666666,,,,,
Páez,CO15514,"Páez, Boyacá",5.10444,-73.0556,,,,,
Páez,CO19517,"Páez, Cauca",2.65472,-75.9928,,,,,
Paicol,CO41518,Paicol,2.449722,-75.773889,,,,,
Pailitas,CO20517,Pailitas,8.966666666666667,-73.63333333333334,,,,,
Paime,CO25518,Paime,5.366666666666666,-74.15,,,,,
Paipa,CO15516,Paipa,5.833333,-73.15,,,,,
Pajarito,CO15518,"Pajarito, Boyacá",5.416666666666667,-72.66666666666667,,,,,
Palermo,CO41524,"Palermo, Huila",2.8916666666666666,-75.4375,,,,,
Palestina,CO17524,"Palestina, Caldas",5.083333333333333,-75.66666666666667,,,,,
Palestina,CO41530,"Palestina, Huila",1.75,-76.0667,,,,,
Palmar,CO68522,San José de Palmar,4.97,-76.233333,,,,,
Palmar de Varela,CO08520,Palmar de Varela,10.75,-74.75,,,,,
Palmas del Socorro,CO68524,"Palmar, Santander",6.583333333333333,-73.25,,,,,
Palmira,CO76520,"Palmira, Valle del Cauca",3.5833333333333335,-76.25,,,,,
Palmito,CO70523,"Palmito, Sucre",9.333333333333334,-75.55,,,,,
Palocabildo,CO73520,Palocabildo,5.13333,-75.0333,,,,,
Pamplona,CO54518,"Pamplona, Norte de Santander",7.378055555555555,-72.6525,,,,,
Pamplonita,CO54520,Pamplonita,7.5,-72.58333333333333,,,,,
Pana Pana,CO94887,Pana Pana,1.85,-69,,,,,
Pandi,CO25524,"Pandi, Cundinamarca",4.183333333333334,-74.48333333333333,,,,,
Panqueba,CO15522,Panqueba,6.433333333333334,-72.46666666666667,,,,,
Papunahua,CO97777,Papunahua,1.9419444444444445,-70.5411111111111,,,,,
Páramo,CO68533,"Páramo, Santander",6.5,-73.13333333333334,,,,,
Paratebueno,CO25530,Paratebueno,4.375277777777777,-73.21305555555556,,,,,
Pasca,CO25535,Pasca,4.3075,-74.30083333333333,,,,,
Pasto,CO52001,Pasto,1.21,-77.277222,,,,,
Patía,CO19532,"Patía, Cauca",2.1666666666666665,-77.08333333333333,,,,,
Pauna,CO15531,Pauna,5.666666666666667,-73.98333333333333,,,,,
Paya,CO15533,"Paya, Boyacá",5.633333333333333,-72.43333333333334,,,,,
Paz de Ariporo,CO85250,Paz de Ariporo,5.883333333333333,-71.9,,,,,
Paz de Río,CO15537,Paz de Río,5.983333333333333,-72.75,,,,,
Pedraza,CO47541,"Pedraza, Magdalena",10.183333333333334,-74.91666666666667,,,,,
Pelaya,CO20550,Pelaya,8.683333333333334,-73.66666666666667,,,,,
Peñol,CO05541,Guatapé,6.23,-75.166667,,,,,
Pensilvania,CO17541,"Pensilvania, Caldas",5.5,-75.08333333333333,,,,,
Peque,CO05543,"Peque, Antioquia",7.016666666666667,-75.91666666666667,,,,,
Pereira,CO66001,Pereira,4.81,-75.694558,,,,,
Pesca,CO15542,Pesca,5.583333333333333,-73.05,,,,,
Piamonte,CO19533,Piamonte,1.1158,-76.3261,,,,,
Piedecuesta,CO68547,Piedecuesta,7.083333333333333,-73,,,,,
Piedras,CO73547,Piedras,4.5,-74.91666666666667,,,,,
Piendamó - Tunía,CO19548,"Piendamó, Cauca",2.6408055555555556,-76.52838888888888,,,,,
Pijao,CO63548,"Pijao, Quindío",4.333333333333333,-75.7,,,,,
Pijiño del Carmen,CO47545,Pijiño,9.333333333333334,-74.45,,,,,
Pinchote,CO68549,Pinchote,6.533333333333333,-73.18333333333334,,,,,
Pinillos,CO13549,Pinillos,8.916666666666666,-74.46666666666667,,,,,
Piojó,CO08549,Piojó,10.75,-75.11666666666666,,,,,
Pisba,CO15550,Pisba,5.72,-72.483333,,,,,
Pital,CO41548,"Pital, Huila",2.987,-75.826,,,,,
Pitalito,CO41551,Pitalito,1.8989138888888888,-76.04186944444444,,,,,
Pivijay,CO47551,Pivijay,10.466666666666667,-74.61666666666666,,,,,
Planadas,CO73555,Planadas,3.20,-75.64,,,,,
Planeta Rica,CO23555,Planeta Rica,8.408888888888889,-75.58194444444445,,,,,
Plato,CO47555,"Plato, Magdalena",9.791944444444445,-74.78722222222223,,,,,
Policarpa,CO52540,"Policarpa, Nariño",1.6333333333333333,-77.46666666666667,,,,,
Polonuevo,CO08558,Polonuevo,10.783333333333333,-74.86666666666666,,,,,
Ponedera,CO08560,Ponedera,10.65,-74.75,,,,,
Popayán,CO19001,Popayán,2.454166666666667,-76.60916666666667,,,,,
Pore,CO85263,"Pore, Casanare",5.72722,-71.9947,,,,,
Potosí,CO52560,"Potosí, Nariño",0.8080555555555556,-77.57277777777777,,,,,
Pradera,CO76563,Pradera,3.4166666666666665,-76.16666666666667,,,,,
Prado,CO73563,"Prado, Tolima",3.75,-74.83333333333333,,,,,
Providencia,CO88564,"Providencia, Nariño",1.24,-77.5975,,,,,
Pueblo Bello,CO20570,Pueblo Bello,10.42,-73.583,,,,,
Pueblo Nuevo,CO23570,"Pueblo Nuevo, Córdoba",8.50083,-75.5072,,,,,
Pueblo Rico,CO66572,"Pueblo Rico, Risaralda",5.25,-76.16666666666667,,,,,
Pueblorrico,CO05576,Pueblorrico,5.8,-75.85,,,,,
Puebloviejo,CO47570,"Pueblo Viejo, Magdalena",10.9972,-74.2875,,,,,
Puente Nacional,CO68572,"Puente Nacional, Santander",5.883333333333333,-73.68333333333334,,,,,
Puerres,CO52573,Puerres,0.8816666666666667,-77.50805555555556,,,,,
Puerto Alegría,CO91530,Puerto Alegría,-1.0333333333333334,-74.03333333333333,,,,,
Puerto Arica,CO91536,Puerto Arica,-2.1480555555555556,-71.75333333333333,,,,,
Puerto Asís,CO86568,Puerto Asís,0.5166666666666666,-76.5,,,,,
Puerto Berrío,CO05579,Puerto Berrío,6.49,-74.4025,,,,,
Puerto Boyacá,CO15572,Puerto Boyacá,6,-74.41666666666667,,,,,
Puerto Caicedo,CO86569,Puerto Caicedo,0.685,-76.60444444444444,,,,,
Puerto Carreño,CO99001,Puerto Carreño,6.183333333333334,-67.46666666666667,,,,,
Puerto Colombia,CO08573,"Puerto Colombia,_Guainía",2.6833333333333336,-72.76666666666667,,,,,
Puerto Colombia,CO94884,"Puerto Colombia,_Magdalena",11.016667,-74.883333,,,,,
Puerto Concordia,CO50450,Puerto Concordia,2.683333,-72.766667,,,,,
Puerto Escondido,CO23574,"Puerto Escondido, Córdoba",8.95,-76.25,,,,,
Puerto Gaitán,CO50568,Puerto Gaitán,4.31417,-72.0825,,,,,
Puerto Guzmán,CO86571,Puerto Guzmán,0.9666666666666667,-76.58333333333333,,,,,
Puerto Leguízamo,CO86573,Puerto Leguízamo,-0.1938888888888889,-74.78055555555555,,,,,
Puerto Libertador,CO23580,Puerto Libertador,7.90667,-75.6733,,,,,
Puerto Lleras,CO50577,Puerto Lleras,3.2694444444444444,-73.375,,,,,
Puerto López,CO50573,"Puerto López, Meta",4.083333333333333,-72.96666666666667,,,,,
Puerto Nare,CO05585,Puerto Nare,6.19167,-74.5867,,,,,
Puerto Nariño,CO91540,Puerto Nariño,-3.7733333333333334,-70.38194444444444,,,,,
Puerto Parra,CO68573,Puerto Parra,6.65,-74.06666666666666,,,,,
Puerto Rico,CO18592,"Puerto Rico, Caquetá",1.91417,-75.145,,,,,
Puerto Rico,CO50590,"Puerto Rico, Meta",2.9383333333333335,-73.20833333333334,,,,,
Puerto Rondón,CO81591,Puerto Rondón,6.283333333333333,-71.1,,,,,
Puerto Salgar,CO25572,Puerto Salgar,5.5,-74.58333333333333,,,,,
Puerto Santander,CO54553,"Puerto Santander, Amazonas",-0.6191666666666666,-72.38333333333334,,,,,
Puerto Santander,CO91669,"Puerto Santander, Norte de Santander",8.36361,-72.4075,,,,,
Puerto Tejada,CO19573,"Puerto Tejada, Cauca",3.25,-76.41666666666667,,,,,
Puerto Triunfo,CO05591,Puerto Triunfo,5.866666666666667,-74.65,,,,,
Puerto Wilches,CO68575,Puerto Wilches,7.35,-73.9,,,,,
Pulí,CO25580,"Pulí, Cundinamarca",4.683333333333334,-74.71666666666667,,,,,
Pupiales,CO52585,Pupiales,0.8666666666666667,-77.65,,,,,
Puracé,CO19585,Puracé,2.25,-76.416667,,,,,
Purificación,CO73585,"Purificación, Tolima",3.8666666666666667,-74.93333333333334,,,,,
Purísima de la Concepción,CO23586,Purísima,9.233333333333333,-75.73333333333333,,,,,
Quebradanegra,CO25592,Quebradanegra,5.1177777777777775,-74.47916666666667,,,,,
Quetame,CO25594,Quetame,4.330277777777778,-73.86277777777777,,,,,
Quibdó,CO27001,Quibdó,5.692222222222222,-76.65805555555556,,,,,
Quimbaya,CO63594,"Quimbaya, Quindío",4.633333333333333,-75.75,,,,,
Quinchía,CO66594,Quinchía,5.3378499999999995,-75.72964722222223,,,,,
Quípama,CO15580,Quípama,5.516666666666667,-74.18333333333334,,,,,
Quipile,CO25596,Quipile,4.743333333333333,-74.56666666666666,,,,,
Ragonvalia,CO54599,Ragonvalia,7.58,-72.483,,,,,
Ramiriquí,CO15599,Ramiriquí,5.40,-73.33,,,,,
Ráquira,CO15600,Ráquira,5.533333333333333,-73.633,,,,,
Recetor,CO85279,Recetor,5.233333333333333,-72.76666666666667,,,,,
Regidor,CO13580,Regidor,8.666667,-73.833333,,,,,
Remedios,CO05604,"Remedios, Antioquia",7.0275,-74.69388888888889,,,,,
Remolino,CO47605,Remolino,10.666666666666666,-74.58333333333333,,,,,
Repelón,CO08606,Repelón,10.55,-75.13333333333334,,,,,
Restrepo,CO50606,"Restrepo, Meta",4.25,-73.5667,,,,,
Restrepo,CO76606,"Restrepo, Valle del Cauca",3.825,-76.525,,,,,
Retiro,CO05607,"Retiro, Antioquia",6.057222222222222,-75.5025,,,,,
Ricaurte,CO25612,"Ricaurte, Cundinamarca",4.279166666666667,-74.77277777777778,,,,,
Ricaurte,CO52612,"Ricaurte, Nariño",1.2108333333333332,-77.99333333333334,,,,,
Río de Oro,CO20614,"Río de Oro, Cesar",8,-73.5,,,,,
Río Iró,CO27580,Río Iró,5.18333,-76.4833,,,,,
Río Quito,CO27600,Río Quito,5.482777777777778,-76.73972222222223,,,,,
Río Viejo,CO13600,Río Viejo,8.59,-73.8436,,,,,
Rioblanco,CO73616,Rioblanco,3.5,-75.8333333,,,,,
Riofrío,CO76616,"Riofrío, Valle del Cauca",4.16,-76.287,,,,,
Riohacha,CO44001,Riohacha Municipality,11.54,-72.9,,,,,
Rionegro,CO05615,Rionegro,6.1535472222222225,-75.374249,,,,,
Rionegro,CO68615,"Rionegro, Santander",7.15361,-73.1536,,,,,
Riosucio,CO17614,"Riosucio, Caldas",5.420833333333333,-75.7025,,,,,
Riosucio,CO27615,"Riosucio, Chocó",7.44056,-77.1189,,,,,
Risaralda,CO17616,"Risaralda, Caldas",5.166666666666667,-75.75,,,,,
Rivera,CO41615,"Rivera, Huila",2.78528,-75.2589,,,,,
Roberto Payán,CO52621,Roberto Payán,1.6966666666666668,-78.24527777777777,,,,,
Roldanillo,CO76622,Roldanillo,4.416666666666667,-76.15,,,,,
Roncesvalles,CO73622,"Roncesvalles, Tolima",4.016666666666667,-75.6,,,,,
Rondón,CO15621,"Rondón, Boyacá",5.356667,-73.208611,,,,,
Rosas,CO19622,"Rosas, Cauca",2.2666666666666666,-76.75,,,,,
Rovira,CO73624,"Rovira, Tolima",4.25,-75.33333333333333,,,,,
Sabana de Torres,CO68655,Sabana de Torres,7.4,-73.5,,,,,
Sabanagrande,CO08634,"Sabanagrande, Atlántico",10.8,-74.75,,,,,
Sabanalarga,CO05628,"Sabanalarga, Antioquia",6.853,-75.821,,,,,
Sabanalarga,CO08638,"Sabanalarga, Atlántico",6.85,-75.81666666666666,,,,,
Sabanalarga,CO85300,"Sabanalarga, Casanare",4.85361,-73.0431,,,,,
Sabanas de San Ángel,CO47660,Sabanas de San Ángel,10.0333,-74.2167,,,,,
Sabaneta,CO05631,"Sabaneta, Antioquia",6.15,-75.6,,,,,
Saboyá,CO15632,Saboyá,5.7,-73.76666666666667,,,,,
Sácama,CO85315,Sácama,6.1,-72.25,,,,,
Sáchica,CO15638,Sáchica,5.583333333333333,-73.55,,,,,
Sahagún,CO23660,"Sahagún, Córdoba",8.95,-75.45,,,,,
Saladoblanco,CO41660,Saladoblanco,2.0166666666666666,-76.05,,,,,
Salamina,CO17653,"Salamina, Caldas",5.40833,-75.49,,,,,
Salamina,CO47675,"Salamina, Magdalena",10.4933,-74.7983,,,,,
Salazar,CO54660,Salazar de las Palmas,7.773611111111111,-72.81222222222222,,,,,
Saldaña,CO73671,Saldaña,3.93472,-75.0203,,,,,
Salento,CO63690,"Salento, Quindío",4.633333333333333,-75.56666666666666,,,,,
Salgar,CO05642,Salgar,5.961666666666667,-75.97527777777778,,,,,
Samacá,CO15646,Samacá,5.5,-73.48333333333333,,,,,
Samaná,CO17662,"Samaná, Caldas",5.583333333333333,-74.91666666666667,,,,,
Samaniego,CO52678,"Samaniego, Nariño",1.35,-77.6,,,,,
Sampués,CO70670,Sampués,9.183333333333334,-75.38333333333334,,,,,
San Agustín,CO41668,"San Agustín, Huila",1.9,-76.28333333333333,,,,,
San Alberto,CO20710,"San Alberto, Cesar",7.7525,-73.3892,,,,,
San Andrés,CO68669,"San Andrés, San Andrés y Providencia",12.584722222222222,-81.70055555555555,,,,,
San Andrés de Cuerquía,CO05647,San Andrés de Cuerquia,6.914444444444444,-75.67583333333334,,,,,
San Andrés de Sotavento,CO23670,San Andrés de Sotavento,9.15,-75.5,,,,,
San Andrés de Tumaco,CO52835,Tumaco,1.806667,-78.764722,,,,,
San Antero,CO23672,San Antero,9.383333333333333,-75.75,,,,,
San Antonio,CO73675,"San Antonio, Tolima",3.9166666666666665,-75.5,,,,,
San Antonio del Tequendama,CO25645,San Antonio del Tequendama,4.632777777777778,-74.35222222222221,,,,,
San Benito,CO68673,"San Benito, Santander",6.12622,-73.5089,,,,,
San Benito Abad,CO70678,San Benito Abad,8.933333333333334,-75.03333333333333,,,,,
San Bernardo,CO25649,"San Bernardo, Cundinamarca",4.178888888888889,-74.42222222222223,,,,,
San Bernardo,CO52685,"San Bernardo, Nariño",1.5108333333333333,-77.04666666666667,,,,,
San Bernardo del Viento,CO23675,San Bernardo del Viento,9.35,-75.95,,,,,
San Calixto,CO54670,San Calixto,8.4,-73.21666666666667,,,,,
San Carlos,CO05649,San Carlos de Guaroa,6.19,-74.9969,,,,,
San Carlos,CO23678,"San Carlos, Antioquia",6.18972,-74.9969,,,,,
San Carlos de Guaroa,CO50680,"San Carlos, Córdoba",8.80056,-75.7022,,,,,
San Cayetano,CO25653,"San Cayetano, Cundinamarca",5.332222222222222,-74.02555555555556,,,,,
San Cayetano,CO54673,"San Cayetano, Norte de Santander",7.88028,-72.6278,,,,,
San Cristóbal,CO13620,"San Cristóbal, Bolívar",9.88333,-75.25,,,,,
San Diego,CO20750,"San Diego, Cesar",10.3375,-73.1825,,,,,
San Eduardo,CO15660,"San Eduardo, Boyacá",5.2225,-73.07694444444444,,,,,
San Estanislao,CO13647,"San Estanislao, Bolívar",10.4,-75.15,,,,,
San Felipe,CO94883,"San Felipe, Guainía",2.90556,-67.0856,,,,,
San Fernando,CO13650,"San Fernando, Bolívar",9.279722222222222,-74.53388888888888,,,,,
San Francisco,CO05652,"San Francisco, Antioquia",5.964166666666667,-75.10166666666666,,,,,
San Francisco,CO25658,"San Francisco, Cundinamarca",4.971111111111111,-74.28916666666666,,,,,
San Francisco,CO86755,"San Francisco, Putumayo",1.1747222222222222,-76.87972222222221,,,,,
San Gil,CO68679,San Gil,6.559166666666666,-73.135,,,,,
San Jacinto,CO13654,"San Jacinto, Bolívar",9.831111,-75.121944,,,,,
San Jacinto del Cauca,CO13655,San Jacinto del Cauca,8.25,-74.7167,,,,,
San Jerónimo,CO05656,"San Jerónimo, Antioquia",6.441666666666667,-75.72777777777777,,,,,
San Joaquín,CO68682,"San Joaquín, Santander",6.43,-72.868,,,,,
San José,CO17665,"San José, Caldas",5.09,-75.78999999999999,,,,,
San José de Cúcuta,CO54001,Cúcuta,7.894166666666666,-72.5038888888889,,,,,
San José de la Montaña,CO05658,San José de la Montaña,7.583333333333333,-72.71666666666667,,,,,
San José de Miranda,CO68684,San José de Miranda,6.658888888888889,-72.73305555555555,,,,,
San José de Pare,CO15664,San José de Pare,6.016666666666667,-73.55,,,,,
San José de Toluviejo,CO70823,Toluviejo,9.45,-75.45,,,,,
San José de Uré,CO23682,San José de Uré,7.783333333333333,-75.53333333333333,,,,,
San José del Fragua,CO18610,San Jose del Fragua,1.328611,-75.972778,,,,,
San José del Guaviare,CO95001,San José del Guaviare,2.5666666666666664,-72.63333333333334,,,,,
San José del Palmar,CO27660,San José del Palmar,4.966666666666667,-76.23333333333333,,,,,
San Juan de Arama,CO50683,San Juan de Arama,3.373611,-73.876667,,,,,
San Juan de Betulia,CO70702,San Juan Betulia,9.27556,-75.2456,,,,,
San Juan de Rioseco,CO25662,San Juan de Rioseco,4.8486111111111105,-74.62055555555555,,,,,
San Juan de Urabá,CO05659,San Juan de Urabá,8.766666666666666,-76.53333333333333,,,,,
San Juan del Cesar,CO44650,San Juan del Cesar,10.766666666666666,-73,,,,,
San Juan Nepomuceno,CO13657,"San Juan Nepomuceno, Bolívar",9.95,-75.08333333333333,,,,,
San Juanito,CO50686,"San Juanito, Meta",4.45861,-73.6731,,,,,
San Lorenzo,CO52687,"San Lorenzo, Nariño",1.50389,-77.2178,,,,,
San Luis,CO05660,"San Luis, Antioquia",6.042222222222222,-74.99333333333334,,,,,
San Luis,CO73678,"San Luis, Tolima",4.13611,-75.0994,,,,,
San Luis de Gaceno,CO15667,San Luis de Gaceno,4.820163888888889,-73.16841666666667,,,,,
San Luis de Palenque,CO85325,San Luis de Palenque,5.416666666666667,-71.73333333333333,,,,,
San Luis de Sincé,CO70742,Sincé,9.25,-75.15,,,,,
San Marcos,CO70708,"San Marcos, Sucre",8.661111111111111,-75.13472222222222,,,,,
San Martín,CO20770,San Martín de Loba,8.833333333333334,-73.91666666666667,,,,,
San Martín,CO50689,"San Martín, Cesar",8.047222222222222,-73.51527777777778,,,,,
San Martín de Loba,CO13667,"San Martín, Meta",3.69444,-73.6936,,,,,
San Mateo,CO15673,"San Mateo, Boyacá",6.402500000000001,-72.55499999999999,,,,,
San Miguel,CO68686,San Miguel de Sema,5.55,-73.75,,,,,
San Miguel,CO86757,"San Miguel, Putumayo",0.3436111111111111,-76.91083333333334,,,,,
San Miguel de Sema,CO15676,"San Miguel, Santander",6.576111111111111,-72.64583333333334,,,,,
San Onofre,CO70713,"San Onofre, Sucre",9.733333333333333,-75.53333333333333,,,,,
San Pablo,CO13670,"San Pablo, Nariño",1.6725,-77.0139,,,,,
San Pablo,CO52693,"San Pablo, Bolívar",7.4825,-73.92500000000001,,,,,
San Pablo de Borbur,CO15681,San Pablo de Borbur,5.75,-74.08333333333333,,,,,
San Pedro,CO70717,"San Pedro, Sucre",8.73333,-74.7167,,,,,
San Pedro,CO76670,"San Pedro, Valle del Cauca",4,-76.2292,,,,,
San Pedro de Cartago,CO52694,San Pedro de Cartago,1.5666666666666667,-77.11666666666666,,,,,
San Pedro de los Milagros,CO05664,San Pedro de los Milagros,6.45,-75.55,,,,,
San Pedro de Urabá,CO05665,San Pedro de Urabá,8.283333333333333,-76.38333333333334,,,,,
San Pelayo,CO23686,San Pelayo,8.966667,-75.85,,,,,
San Rafael,CO05667,"San Rafael, Antioquia",6.2975,-75.0314,,,,,
San Roque,CO05670,"San Roque, Antioquia",6.49,-75.0197,,,,,
San Sebastián,CO19693,"San Sebastián, Cauca",1.84,-76.771667,,,,,
San Sebastián de Buenavista,CO47692,San Sebastián de Buenavista,9.240277777777777,-74.35555555555555,,,,,
San Sebastián de Mariquita,CO73443,"Mariquita, Tolima",5.25,-74.91666666666667,,,,,
San Vicente de Chucurí,CO68689,San Vicente de Chucurí,6.883333333333333,-73.41666666666667,,,,,
San Vicente del Caguán,CO18753,San Vicente del Caguán,2.1166666666666667,-74.76666666666667,,,,,
San Vicente Ferrer,CO05674,"San Vicente, Antioquia",6.281944444444444,-75.33222222222221,,,,,
San Zenón,CO47703,San Zenón,9.333333333333334,-74.3,,,,,
Sandoná,CO52683,Sandona,1.2833333333333332,-77.46666666666667,,,,,
Santa Ana,CO47707,"Santa Ana, Magdalena",9.319,-74.57,,,,,
Santa Bárbara,CO05679,"Santa Bárbara, Antioquia",5.874722222222223,-75.56611111111111,,,,,
Santa Bárbara,CO52696,"Santa Barbara, Nariño",2.44444,-77.9717,,,,,
Santa Bárbara,CO68705,"Santa Bárbara, Santander",6.990277777777778,-72.90666666666667,,,,,
Santa Bárbara de Pinto,CO47720,"Pinto, Magdalena",9.433333333333334,-74.7,,,,,
Santa Catalina,CO13673,"Santa Catalina, Bolívar",13.388333,-81.373611,,,,,
Santa Fé de Antioquia,CO05042,Santa Fe de Antioquia,6.55,-75.81666666666666,,,,,
Santa Helena del Opón,CO68720,Santa Helena del Opón,6.333333333333333,-73.6,,,,,
Santa Isabel,CO73686,"Santa Isabel, Tolima",4.71667,-75.1014,,,,,
Santa Lucía,CO08675,"Santa Lucía, Atlántico",10.316666666666666,-74.95,,,,,
Santa María,CO15690,"Santa María, Boyacá",4.859999999999999,-73.26277777777777,,,,,
Santa María,CO41676,"Santa María, Huila",2.95,-75.65,,,,,
Santa Marta,CO47001,Santa Marta,11.241944444444444,-74.20527777777778,,,,,
Santa Rosa,CO13683,"Santa Rosa, Bolívar",10.445555555555556,-75.36861111111111,,,,,
Santa Rosa,CO19701,"Santa Rosa, Cauca",1.72944,-76.6044,,,,,
Santa Rosa de Cabal,CO66682,Santa Rosa de Cabal,4.866666666666667,-75.61666666666666,,,,,
Santa Rosa de Osos,CO05686,Santa Rosa de Osos,6.65,-75.46666666666667,,,,,
Santa Rosa de Viterbo,CO15693,"Santa Rosa de Viterbo, Boyacá",5.883333333333333,-72.98333333333333,,,,,
Santa Rosa del Sur,CO13688,Santa Rosa del Sur,7.966666666666667,-74.05,,,,,
Santa Rosalía,CO99624,"Santa Rosalía, Vichada",5.12611,-70.8758,,,,,
Santa Sofía,CO15696,"Santa Sofía, Boyacá",5.75,-73.58333333333333,,,,,
Santacruz,CO52699,"Santacruz, Nariño",1.2219444444444445,-77.67722222222223,,,,,
Santana,CO15686,"Santana, Boyacá",6.057222222222222,-73.48111111111112,,,,,
Santander de Quilichao,CO19698,Santander de Quilichao,3.0166666666666666,-76.48333333333333,,,,,
Santiago,CO54680,"Santiago, Norte de Santander",7.916666666666667,-72.66666666666667,,,,,
Santiago,CO86760,"Santiago, Putumayo",1.146944,-77.001111,,,,,
Santiago de Tolú,CO70820,Tolú,9.53,-75.58,,,,,
Santo Domingo,CO05690,"Santo Domingo, Antioquia",6.47,-75.16583,,,,,
Santo Tomás,CO08685,Santo Tomás,10.766667,-74.916667,,,,,
Santuario,CO66687,"Santuario, Risaralda",5.07,-75.9623472,,,,,
Sapuyes,CO52720,Sapuyes,1.04,-77.6213,,,,,
Saravena,CO81736,Saravena,6.96,-71.8722,,,,,
Sardinata,CO54720,Sardinata,8.083333333333334,-72.8,,,,,
Sasaima,CO25718,Sasaima,4.965,-74.43472222222222,,,,,
Sativanorte,CO15720,Sativanorte,6.131388888888888,-72.7075,,,,,
Sativasur,CO15723,Sativasur,6.083333333333333,-72.73333333333333,,,,,
Segovia,CO05736,"Segovia, Antioquia",7.078055555555555,-74.70166666666667,,,,,
Sesquilé,CO25736,Sesquilé,5.045277777777778,-73.79722222222222,,,,,
Sevilla,CO76736,"Sevilla, Valle del Cauca",4.26889,-75.9361,,,,,
Siachoque,CO15740,Siachoque,5.5,-73.23333333333333,,,,,
Sibaté,CO25740,Sibaté,4.490833333333334,-74.25944444444444,,,,,
Sibundoy,CO86749,Sibundoy,1.2033333333333334,-76.91916666666667,,,,,
Silos,CO54743,"Silos, Norte de Santander",7.2,-72.76666666666667,,,,,
Silvania,CO25743,Silvania,4.403333,-74.388056,,,,,
Silvia,CO19743,"Silvia, Cauca",2.6166666666666667,-76.38333333333334,,,,,
Simacota,CO68745,Simacota,6.45,-73.33333333333333,,,,,
Simijaca,CO25745,Simijaca,5.501944444444445,-73.85194444444444,,,,,
Simití,CO13744,Simití,7.966666666666667,-73.95,,,,,
Sincelejo,CO70001,Sincelejo,9.295,-75.39611111111111,,,,,
Sipí,CO27745,Sipí,4.65,-76.48333333333333,,,,,
Sitionuevo,CO47745,Sitionuevo,10.783333333333333,-74.71666666666667,,,,,
Soacha,CO25754,Soacha,4.587222222222222,-74.2213888888889,,,,,
Soatá,CO15753,Soatá,6.333333,-72.666667,,,,,
Socha,CO15757,Socha,6,-72.66666666666667,,,,,
Socorro,CO68755,"Socorro, Santander",6.533333333333333,-73.2,,,,,
Socotá,CO15755,Socotá,6.05,-72.63333333333334,,,,,
Sogamoso,CO15759,Sogamoso,5.716666666666667,-72.92083333333333,,,,,
Solano,CO18756,"Solano, Caquetá",0.6983333333333334,-75.2538888888889,,,,,
Soledad,CO08758,"Soledad, Atlántico",10.916666666666666,-74.75,,,,,
Solita,CO18785,"Solita, Caquetá",0.8666666666666667,-75.65,,,,,
Somondoco,CO15761,Somondoco,4.98778,-73.4361,,,,,
Sonsón,CO05756,Sonsón,5.709722222222222,-75.3108,,,,,
Sopetrán,CO05761,Sopetrán,6.501666666666667,-75.74333,,,,,
Soplaviento,CO13760,Soplaviento,10.333333333333334,-75.1,,,,,
Sopó,CO25758,Sopó,4.916666666666667,-73.93333333333334,,,,,
Sora,CO15762,"Sora, Boyacá",5.566666666666666,-73.43333333333334,,,,,
Soracá,CO15764,Soracá,5.5,-73.31666666666666,,,,,
Sotaquirá,CO15763,Sotaquirá,5.766666666666667,-73.25,,,,,
Sotará - Paispamba,CO19760,"Sotará, Cauca",2.25,-76.58333333333333,,,,,
Suaita,CO68770,San Jose de Suaita,6.10134,-73.44277,,,,,
Suan,CO08770,Suan,10.332392,-74.879829,,,,,
Suárez,CO19780,"Suárez, Tolima",4.55,-74.833333,,,,,
Suárez,CO73770,"Suárez, Cauca",2.95889,-76.6953,,,,,
Suaza,CO41770,Suaza,1.9833333333333334,-75.81666666666666,,,,,
Subachoque,CO25769,Subachoque,4.928055555555556,-74.17361111111111,,,,,
Sucre,CO19785,"Sucre, Cauca",2.03333,-76.9167,,,,,
Sucre,CO68773,"Sucre, Santander",5.923,-73.795,,,,,
Sucre,CO70771,"Sucre, Sucre",8.81389,-74.7253,,,,,
Suesca,CO25772,Suesca,5.1,-73.8,,,,,
Supatá,CO25777,Supatá,5.061111111111111,-74.2366,,,,,
Supía,CO17777,"Supía, Caldas",5.47,-75.65,,,,,
Suratá,CO68780,Suratá,7.37,-72.98,,,,,
Susa,CO25779,"Susa, Cundinamarca",5.452805555555556,-73.813972,,,,,
Susacón,CO15774,Susacón,6.233333333333333,-72.7,,,,,
Sutamarchán,CO15776,Sutamarchán,5.6,-73.633334,,,,,
Sutatausa,CO25781,Sutatausa,5.247222222222223,-73.852499,,,,,
Sutatenza,CO15778,Sutatenza,5.016666666666667,-73.45,,,,,
Tabio,CO25785,Tabio,4.9158333333333335,-74.0983,,,,,
Tadó,CO27787,Tadó,5.266666666666667,-76.5666,,,,,
Talaigua Nuevo,CO13780,Talaigua Nuevo,9.30694,-74.5686,,,,,
Tamalameque,CO20787,Tamalameque,8.833333333333334,-73.5833,,,,,
Támara,CO85400,"Támara, Casanare",5.82972,-72.1633,,,,,
Tame,CO81794,"Tame, Arauca",6.466666666666667,-71.73333,,,,,
Támesis,CO05789,"Támesis, Antioquia",5.666666666666667,-75.71666667,,,,,
Taminango,CO52786,Taminango,1.5666666666666667,-77.28333333,,,,,
Tangua,CO52788,"Tangua, Nariño",1.1,-77.4,,,,,
Taraira,CO97666,Taraira,-0.5608333333333334,-69.63361111,,,,,
Tarapacá,CO91798,"Tarapacá, Amazonas",-2.878888888888889,-69.7438889,,,,,
Tarazá,CO05790,Tarazá,7.588055555555555,-75.40277778,,,,,
Tarqui,CO41791,"Tarqui, Huila",2.1105555555555555,-75.82305556,,,,,
Tarso,CO05792,Tarso,5.866666666666667,-75.83333333,,,,,
Tasco,CO15790,"Tasco, Boyacá",5.916666666666667,-72.78333333,,,,,
Tauramena,CO85410,Tauramena,5.016666666666667,-72.75,,,,,
Tausa,CO25793,Tausa,5.196388888888889,-73.8875,,,,,
Tello,CO41799,"Tello, Huila",3.066666666666667,-75.13333333333334,,,,,
Tena,CO25797,"Tena, Cundinamarca",4.654722222222222,-74.39,,,,,
Tenerife,CO47798,"Tenerife, Magdalena",10,-74.66666666666667,,,,,
Tenjo,CO25799,Tenjo,4.916666666666667,-74.16666666666667,,,,,
Tenza,CO15798,Tenza,5.08,-73.416,,,,,
Teorama,CO54800,Teorama,8.433333333333334,-72.2833333,,,,,
Teruel,CO41801,"Teruel, Huila",2.75,-75.56666667,,,,,
Tesalia,CO41797,Tesalia,2.4833333333333334,-75.73333333,,,,,
Tibacuy,CO25805,Tibacuy,4.347222222222222,-74.4525,,,,,
Tibaná,CO15804,Tibaná,5.316666666666666,-73.4,,,,,
Tibasosa,CO15806,Tibasosa,5.833333333333333,-72.96666666666667,,,,,
Tibirita,CO25807,Tibiritá,5.051111111111111,-73.50416666666666,,,,,
Tibú,CO54810,Tibú,8.65,-72.73333333333333,,,,,
Tierralta,CO23807,Tierralta,7.916666666666667,-76.16666666666667,,,,,
Timaná,CO41807,Timaná,1.9833333333333334,-75.95,,,,,
Timbío,CO19807,Timbío,2.3445472222222223,-76.68393,,,,,
Timbiquí,CO19809,,2.766667,-77.633333,,,,,
Tinjacá,CO15808,Tinjacá,5.566666666666666,-73.65,,,,,
Tipacoque,CO15810,Tipacoque,6.416666666666667,-72.7,,,,,
Tiquisio,CO13810,Tiquisio,8.566666666666666,-74.26666666666667,,,,,
Titiribí,CO05809,Titiribí,6.066666666666666,-75.8,,,,,
Toca,CO15814,"Toca, Boyacá",5.566666666666666,-73.2,,,,,
Tocaima,CO25815,Tocaima,4.5,-74.66666666666667,,,,,
Tocancipá,CO25817,Tocancipá,4.96575,-73.91358333333334,,,,,
Togüí,CO15816,Togüí,5.9375,-73.513333,,,,,
Toledo,CO05819,"Toledo, Antioquia",7.01306,-75.6953,,,,,
Toledo,CO54820,"Toledo, Norte de Santander",7.31306,-72.4875,,,,,
Tona,CO68820,"Tona, Santander",7.25,-72.9,,,,,
Tópaga,CO15820,Tópaga,5.766667,-72.833333,,,,,
Topaipí,CO25823,Topaipí,5.333333333333333,-74.3,,,,,
Toribío,CO19821,"Toribío, Cauca",2.9580555555555557,-76.2713888888889,,,,,
Toro,CO76823,"Toro, Valle del Cauca",4.611666666666666,-76.08138888888888,,,,,
Tota,CO15822,"Tota, Boyacá",5.566666666666666,-72.98333333333333,,,,,
Totoró,CO19824,Totoró,2.583333,-76.333333,,,,,
Trinidad,CO85430,"Trinidad, Casanare",5.40889,-71.6622,,,,,
Trujillo,CO76828,"Trujillo, Valle del Cauca",4.25,-76.33333333333333,,,,,
Tubará,CO08832,Tubará,10.866666666666667,-74.98333333333333,,,,,
Tuchín,CO23815,Tuchín,9.183333333333334,-75.55,,,,,
Tuluá,CO76834,Tuluá,4.083333333333333,-76.2,,,,,
Tunja,CO15001,Tunja,5.533333333333333,-73.36666666666666,,,,,
Tununguá,CO15832,Tununguá,5.733333333333333,-73.93333333333334,,,,,
Túquerres,CO52838,Túquerres,1.0833333333333333,-77.61666666666666,,,,,
Turbaco,CO13836,Turbaco,10.35,-75.33333333333333,,,,,
Turbaná,CO13838,"Turbana, Bolívar",10.283333333333333,-75.45,,,,,
Turbo,CO05837,Turbo,8.1,-76.733333,,,,,
Turmequé,CO15835,Turmequé,5.316666666666666,-73.5,,,,,
Tuta,CO15837,"Tuta, Boyacá",5.7,-73.23333333333333,,,,,
Tutazá,CO15839,Tutazá,6.05,-72.86666666666666,,,,,
Ubalá,CO25839,Ubalá,4.743888888888889,-73.53472222222221,,,,,
Ubaque,CO25841,Ubaque,4.483055555555556,-73.93444444444445,,,,,
Ulloa,CO76845,"Ulloa, Valle del Cauca",4.716666666666667,-75.75,,,,,
Úmbita,CO15842,Ámbita,5.216666666666667,-73.46666666666667,,,,,
Une,CO25845,Une,4.401944444444445,-74.025,,,,,
Unguía,CO27800,Unguía,8.05,-77.1,,,,,
Unión Panamericana,CO27810,Unión Panamericana,5.2813888888888885,-76.63,,,,,
Uramita,CO05842,Uramita,6.89944,-76.1742,,,,,
Uribe,CO50370,"Uribia, La Guajira",11.916666666666666,-72,,,,,
Uribia,CO44847,Urrao,6.315555555555555,-76.13416666666667,,,,,
Urrao,CO05847,Urumita,10.566666666666666,-73.01666666666667,,,,,
Urumita,CO44855,Usaquén,4.719722222222222,-74.03666666666666,,,,,
Usiacurí,CO08849,Usiacurí,10.75,-74.98333333333333,,,,,
Útica,CO25851,Ática,5.183333333333334,-74.48333333333333,,,,,
Valdivia,CO05854,"Valdivia, Antioquia",7.289,-75.398,,,,,
Valencia,CO23855,"Valencia, Córdoba",8.3,-76.16666666666667,,,,,
Valle de San José,CO68855,Valle de San José,6.4475,-73.1436,,,,,
Valle de San Juan,CO73854,Valle de San Juan,4.2,-75.11666666666666,,,,,
Valle del Guamuez,CO86865,Valle del Guamez,0.425278,-76.905278,,,,,
Valledupar,CO20001,Valledupar,10.483333333333333,-73.25,,,,,
Valparaíso,CO05856,"Valparaíso, Antioquia",5.618,-75.629,,,,,
Valparaíso,CO18860,"Valparaíso, Caquetá",1.19917,-75.7097,,,,,
Vegachí,CO05858,Vegachí,6.773056,-74.799444,,,,,
Vélez,CO68861,"Vélez, Santander",6.0103333333333335,-73.67633331666667,,,,,
Venadillo,CO73861,Venadillo,4.75,-74.91666666666667,,,,,
Venecia,CO05861,"Venecia, Antioquia",5.916666666666667,-75.75,,,,,
Venecia,CO25506,"Venecia, Cundinamarca",4.088611111111111,-74.4775,,,,,
Ventaquemada,CO15861,Ventaquemada,5.416666666666667,-73.5,,,,,
Vergara,CO25862,"Vergara, Cundinamarca",5.166666666666667,-74.33333333333333,,,,,
Versalles,CO76863,Versalles,4.666666666666667,-76.25,,,,,
Vetas,CO68867,Vetas,7.33333,-72.8667,,,,,
Vianí,CO25867,Vianí,4.87388888888889,-74.56277778,,,,,
Victoria,CO17867,"Victoria, Caldas",5.416666666666667,-74.83333333,,,,,
Vigía del Fuerte,CO05873,Vigía del Fuerte,6.588888888888889,-76.8958334,,,,,
Vijes,CO76869,Vijes,3.7,-76.45,,,,,
Villa Caro,CO54871,Villa Caro,7.91694,-72.9764,,,,,
Villa de Leyva,CO15407,Villa de Leyva,5.633333333333333,-73.53333333,,,,,
Villa de San Diego de Ubaté,CO25843,Ubaté,5.307222222222222,-73.81444444,,,,,
Villa del Rosario,CO54874,"Villa del Rosario, Norte de Santander",7.833888888888889,-72.47416667,,,,,
Villa Rica,CO19845,"Villa Rica, Cauca",2.5166666666666666,-76.85,,,,,
Villagarzón,CO86885,Villagarzón,1.029444,-76.616389,,,,,
Villagómez,CO25871,Villagómez,5.283333333333333,-74.2,,,,,
Villahermosa,CO73870,"Villahermosa, Tolima",5,-75.16666667,,,,,
Villamaría,CO17873,"Villamaría, Caldas",5,-75.5,,,,,
Villanueva,CO13873,"Villanueva, Bolívar",10.4456,-75.2761,,,,,
Villanueva,CO44874,"Villanueva, La Guajira",10.6,-72.98333333,,,,,
Villanueva,CO68872,"Villanueva, Santander",6.67417,-73.1778,,,,,
Villanueva,CO85440,"Villanueva, Casanare",4.608736111111111,-72.92879167,,,,,
Villapinzón,CO25873,Villapinzón,5.216666666666667,-73.6,,,,,
Villarrica,CO73873,"Villarrica, Tolima",4,-74.58333333,,,,,
Villavicencio,CO50001,Villavicencio,4.15,-73.63333333333334,,,,,
Villavieja,CO41872,"Villavieja, Huila",3.216666666666667,-75.21666666666667,,,,,
Villeta,CO25875,"Villeta, Cundinamarca",5.008308333333333,-74.47378055555556,,,,,
Viotá,CO25878,Viotá,4.438055555555556,-74.52388889,,,,,
Viracachá,CO15879,Viracachá,5.433333333333334,-73.3,,,,,
Vistahermosa,CO50711,"Vista Hermosa, Meta",3.1238888888888887,-73.75138888888888,,,,,
Viterbo,CO17877,"Viterbo, Caldas",5.066666666666666,-75.88333333333334,,,,,
Yacopí,CO25885,Yacopí,5.466666666666667,-74.33333333333333,,,,,
Yacuanquer,CO52885,Yacuanquer,1.1166666666666667,-77.4,,,,,
Yaguará,CO41885,Yaguará,2.66611,-75.5186,,,,,
Yalí,CO05885,Yalí,6.676667,-74.841111,,,,,
Yarumal,CO05887,Yarumal,7,-75.5,,,,,
Yavaraté,CO97889,Yavaraté,0.616667,-69.2,,,,,
Yolombó,CO05890,Yolombó,6.597777777777777,-75.01222222222222,,,,,
Yondó,CO05893,Yondó,7,-73.91666666666667,,,,,
Yopal,CO85001,Yopal,5.35,-72.41000000000001,,,,,
Yotoco,CO76890,Yotoco,3.8666666666666667,-76.38333333333334,,,,,
Yumbo,CO76892,Yumbo,3.585,-76.4958,,,,,
Zambrano,CO13894,"Zambrano, Bolívar",9.75,-74.83333333333333,,,,,
Zapatoca,CO68895,Zapatoca,6.816666666666666,-73.26666666666667,,,,,
Zapayán,CO47960,Zapayán,10.1708,-74.7194,,,,,
Zaragoza,CO05895,"Zaragoza, Antioquia",7.494,-74.871,,,,,
Zarzal,CO76895,Zarzal,4.3983333333333325,-76.07722222222222,,,,,
Zetaquira,CO15897,Zetaquirá,5.35,-73.16666666666667,,,,,
Zipacón,CO25898,Zipacón,4.76,-74.37972222222221,,,,,
Zipaquirá,CO25899,Zipaquirá,5.033333333333333,-74,,,,,
Zona Bananera,CO47980,"Zona Bananera, Magdalena",10.7647,-74.1586,,,,,